time,temp_c,sm_mhz,power_w,mem_used_gb,mem_avail_gb
13:51:07,46,273,5.20,4,117
13:51:17,46,240,5.17,5,116
13:51:27,46,208,5.12,4,116
13:51:37,46,240,5.16,4,116
13:51:48,45,208,5.09,4,116
13:51:58,45,208,5.11,4,116
13:52:08,46,240,5.04,4,116
13:52:18,46,208,5.18,5,116
13:52:28,46,208,4.99,5,116
13:52:38,46,240,5.08,4,116
13:52:48,46,208,5.17,5,115
13:52:58,47,383,5.74,6,115
13:53:08,48,2431,12.70,29,92
13:53:18,49,2424,13.19,31,89
13:53:28,49,2431,13.17,33,88
13:53:38,50,2431,13.33,34,87
13:53:48,50,2431,13.31,35,85
13:53:58,50,2424,13.25,37,84
13:54:08,50,2424,13.22,30,91
13:54:18,51,2431,13.12,31,90
13:54:28,51,2431,13.31,32,88
13:54:38,51,2431,13.52,34,87
13:54:48,51,2431,13.61,35,85
13:54:58,52,2424,13.59,37,84
13:55:08,52,2411,12.93,30,91
13:55:18,52,2418,13.46,31,89
13:55:28,52,2411,13.73,34,87
13:55:38,70,2346,96.59,35,85
13:55:48,57,2418,19.42,32,88
13:55:58,56,2405,13.48,36,84
13:56:09,59,2405,13.94,59,62
13:56:19,60,2405,14.08,85,35
13:56:29,60,2405,14.87,108,13
13:56:39,60,2405,13.98,99,21
13:56:49,60,2405,14.02,70,50
13:56:59,59,2405,13.87,74,47
13:57:09,58,2405,13.65,55,65
13:57:19,57,2405,13.48,49,72
13:57:29,55,2405,13.22,39,81
13:57:39,54,2405,13.07,30,91
13:57:49,53,2405,13.11,30,91
13:57:59,52,2411,12.91,29,91
13:58:09,52,2411,12.70,29,92
13:58:19,51,2411,12.85,29,92
13:58:29,51,2418,12.79,88,33
13:58:39,55,2411,13.33,90,31
13:58:49,53,2411,13.24,89,32
13:58:59,54,2411,13.45,90,31
13:59:09,54,2411,13.22,91,30
13:59:19,53,2411,13.21,90,31
13:59:29,53,2418,13.02,89,31
13:59:39,52,2411,12.72,91,30
13:59:49,56,2457,24.43,89,32
14:00:00,56,2431,20.43,88,32
14:00:10,53,2411,12.81,89,32
14:00:20,52,2411,12.67,90,31
14:00:30,51,2411,12.64,90,31
14:00:40,50,2411,12.43,90,30
14:00:50,50,2411,12.36,90,30
14:01:00,50,2411,12.35,90,30
14:01:10,49,2411,12.57,90,30
14:01:20,49,2411,12.27,90,30
14:01:30,49,2411,12.31,90,30
14:01:40,55,2496,34.60,90,30
14:01:50,57,2496,34.96,90,30
14:02:00,58,2496,35.34,90,30
14:02:10,59,2496,35.64,90,30
14:02:20,60,2496,35.60,91,30
14:02:30,61,2496,35.81,90,30
14:02:40,62,2496,35.78,90,30
14:02:50,62,2489,36.57,90,30
14:03:00,63,2496,35.91,90,30
14:03:10,63,2476,36.08,90,30
14:03:21,64,2476,36.40,90,30
14:03:31,64,2476,36.55,90,30
14:03:41,64,2476,36.90,90,30
14:03:51,65,2476,36.93,90,30
14:04:01,65,2476,37.11,90,30
14:04:11,65,2476,36.65,90,30
14:04:21,65,2476,36.74,90,30
14:04:31,66,2476,36.94,90,30
14:04:41,66,2476,37.04,90,30
14:04:51,66,2476,37.09,90,30
14:05:01,66,2476,37.12,90,30
14:05:11,66,2476,37.20,90,30
14:05:21,67,2476,37.28,90,30
14:05:31,67,2476,37.35,90,30
14:05:42,67,2476,37.46,90,30
14:05:52,67,2476,37.56,90,30
14:06:02,67,2476,37.33,90,30
14:06:12,67,2476,37.42,90,30
14:06:22,68,2476,37.62,90,30
14:06:32,68,2476,37.65,90,30
14:06:42,68,2476,37.63,90,30
14:06:52,68,2476,37.68,90,30
14:07:02,68,2476,37.80,90,30
14:07:12,68,2476,37.93,90,30
14:07:22,68,2476,37.87,90,30
14:07:32,68,2476,38.04,91,30
14:07:42,69,2476,37.99,90,30
14:07:52,69,2476,38.03,90,30
14:08:02,69,2476,37.64,90,30
14:08:13,69,2476,37.96,90,30
14:08:23,69,2476,38.36,90,30
14:08:33,69,2476,37.88,90,30
14:08:43,69,2476,37.85,90,30
14:08:53,69,2476,37.92,91,30
14:09:03,69,2476,37.94,90,30
14:09:13,70,2476,41.99,90,30
14:09:23,70,2476,38.58,90,30
14:09:33,70,2476,36.38,91,30
14:09:43,69,2476,35.94,90,30
14:09:53,69,2476,35.16,90,30
14:10:03,72,2431,40.76,91,30
14:10:13,69,2483,41.75,91,30
14:10:23,69,2476,35.00,91,30
14:10:33,70,2476,37.92,91,30
14:10:44,71,2476,38.02,91,30
14:10:54,76,2450,56.53,91,30
14:11:04,72,2463,40.07,91,30
14:11:14,72,2463,40.28,91,30
14:11:24,72,2463,40.03,91,30
14:11:34,79,2450,68.70,91,30
14:11:44,74,2463,42.14,91,30
14:11:54,74,2463,42.19,91,30
14:12:04,75,2463,42.46,91,30
14:12:14,75,2457,60.20,91,30
14:12:24,75,2463,42.29,91,30
14:12:34,80,2444,71.69,91,30
14:12:44,82,2431,70.79,91,30
14:12:54,77,2463,44.20,91,30
14:13:05,75,2463,43.64,91,30
14:13:15,74,2463,43.25,91,30
14:13:25,75,2457,59.49,91,30
14:13:35,78,2450,62.99,91,30
14:13:45,75,2463,51.86,91,30
14:13:55,74,2463,43.27,91,30
14:14:05,73,2463,42.99,91,30
14:14:15,72,2450,61.08,91,30
14:14:25,75,2450,66.74,91,30
14:14:35,71,2476,35.71,91,30
14:14:45,70,2476,35.44,91,30
14:14:55,69,2476,35.26,91,30
14:15:05,70,2476,38.83,91,30
14:15:15,69,2476,38.86,91,30
14:15:26,73,2450,59.20,91,30
14:15:36,69,2476,38.68,91,30
14:15:46,68,2476,36.84,91,30
14:15:56,70,2463,51.90,91,30
14:16:06,69,2476,40.84,91,30
14:16:16,69,2476,40.95,91,30
14:16:26,76,2450,61.33,91,30
14:16:36,74,2450,58.89,91,30
14:16:46,69,2476,40.98,91,30
14:16:56,69,2476,40.47,91,30
14:17:06,68,2476,34.81,91,30
14:17:16,77,2450,73.06,91,30
14:17:26,70,2476,42.78,91,30
14:17:36,70,2476,42.86,91,30
14:17:47,70,2476,42.80,91,30
14:17:57,74,2463,55.75,91,30
14:18:07,71,2457,42.91,91,30
14:18:17,71,2463,44.24,91,30
14:18:27,70,2476,42.81,91,30
14:18:37,70,2476,42.88,91,30
14:18:47,70,2476,42.80,91,30
14:18:57,69,2476,41.55,91,30
14:19:07,73,2450,73.24,91,30
14:19:17,78,2450,73.31,91,30
14:19:27,73,2457,45.01,91,30
14:19:37,72,2457,44.49,91,30
14:19:47,71,2476,44.43,91,30
14:19:57,71,2476,44.44,91,30
14:20:08,70,2476,44.14,91,30
14:20:18,70,2476,44.12,91,30
14:20:28,73,2450,62.27,91,30
14:20:38,76,2450,67.69,91,30
14:20:48,73,2457,65.36,91,30
14:20:58,79,2450,57.39,91,30
14:21:08,73,2457,44.89,91,30
14:21:18,72,2476,44.65,91,30
14:21:28,71,2476,44.58,91,30
14:21:38,71,2476,44.47,91,30
14:21:48,71,2476,44.33,91,30
14:21:58,70,2476,43.82,91,30
14:22:08,70,2476,40.19,91,30
14:22:19,76,2450,68.15,91,30
14:22:29,71,2457,48.34,91,30
14:22:39,72,2457,42.55,91,30
14:22:49,79,2444,77.98,91,30
14:22:59,72,2457,37.40,91,30
14:23:09,79,2444,74.61,91,30
14:23:19,79,2450,70.80,91,30
14:23:29,80,2431,78.28,91,30
14:23:39,82,2437,77.35,91,30
14:23:49,82,2444,75.36,91,30
14:23:59,81,2431,79.19,91,30
14:24:09,83,2431,79.23,91,30
14:24:19,80,2444,72.30,91,30
14:24:29,85,2431,79.85,91,30
14:24:39,83,2431,78.71,91,30
14:24:49,84,2411,79.01,91,30
14:24:59,83,2431,80.20,91,30
14:25:09,75,2450,41.58,91,30
14:25:20,81,2437,73.15,91,30
14:25:30,81,2431,78.76,91,30
14:25:40,80,2431,76.39,91,30
14:25:50,84,2431,78.70,91,30
14:26:00,86,2405,75.69,91,30
14:26:10,73,2457,39.67,91,30
14:26:20,84,2431,78.36,91,30
14:26:30,83,2418,80.08,91,30
14:26:40,83,2431,79.39,91,30
14:26:50,83,2431,78.37,91,30
14:27:00,83,2431,78.07,91,30
14:27:10,82,2431,79.64,91,30
14:27:20,82,2431,77.93,91,30
14:27:30,81,2431,75.77,91,30
14:27:40,80,2431,76.81,91,30
14:27:50,82,2437,74.43,91,30
14:28:00,82,2431,74.87,91,30
14:28:10,81,2431,77.64,91,30
14:28:20,81,2431,76.97,91,30
14:28:31,84,2437,75.36,91,30
14:28:41,80,2431,78.68,91,30
14:28:51,83,2431,76.01,91,30
14:29:01,82,2431,76.48,91,30
14:29:11,81,2431,76.95,91,30
14:29:21,81,2431,75.70,91,30
14:29:31,74,2450,42.19,91,30
14:29:41,76,2450,65.79,91,30
14:29:51,70,2476,35.49,91,30
14:30:01,76,2450,59.99,91,30
14:30:11,72,2457,40.04,91,30
14:30:21,72,2463,39.33,91,30
14:30:31,79,2444,71.56,91,30
14:30:41,75,2457,50.94,91,30
14:30:51,80,2437,61.29,91,30
14:31:02,81,2457,50.71,91,30
14:31:12,75,2457,40.03,91,30
14:31:22,83,2431,72.52,91,30
14:31:32,83,2431,71.03,91,30
14:31:42,76,2463,43.97,91,30
14:31:52,80,2437,66.70,91,30
14:32:02,80,2437,60.32,91,30
14:32:12,80,2450,54.64,91,30
14:32:22,76,2463,44.70,91,30
14:32:32,74,2463,41.26,91,30
14:32:42,81,2431,81.73,91,30
14:32:52,80,2418,51.31,91,30
14:33:02,82,2431,80.53,91,30
14:33:12,75,2457,43.89,91,30
14:33:22,84,2431,82.58,91,30
14:33:32,75,2457,38.44,91,30
14:33:43,82,2437,79.66,91,30
14:33:53,84,2431,85.73,91,30
14:34:03,83,2437,83.25,91,30
14:34:13,80,2444,72.14,91,30
14:34:23,79,2437,85.35,91,30
14:34:33,83,2437,79.33,91,30
14:34:43,83,2372,84.34,91,30
14:34:53,81,2431,76.45,91,30
14:35:03,82,2431,84.63,91,30
14:35:13,83,2418,81.82,91,30
14:35:23,86,2411,82.70,91,30
14:35:33,85,2437,82.19,91,30
14:35:43,84,2424,83.59,91,30
14:35:53,74,2450,40.42,91,30
14:36:03,81,2424,80.55,91,30
14:36:13,82,2431,77.31,91,30
14:36:23,84,2431,82.36,91,30
14:36:33,87,2431,79.50,91,30
14:36:43,83,2405,79.56,91,30
14:36:53,84,2431,85.17,91,30
14:37:04,79,2405,38.59,91,30
14:37:14,84,2431,82.03,91,30
14:37:24,83,2424,82.27,91,30
14:37:34,83,2418,78.88,91,30
14:37:44,86,2411,77.01,91,30
14:37:54,85,2431,81.00,91,30
14:38:04,85,2418,82.61,91,30
14:38:14,84,2424,78.76,91,30
14:38:24,85,2431,84.78,91,30
14:38:34,82,2385,81.08,91,30
14:38:44,82,2431,81.33,91,30
14:38:54,83,2437,81.14,91,30
14:39:04,80,2437,59.95,91,30
14:39:14,85,2424,77.38,91,30
14:39:24,83,2431,69.45,91,30
14:39:34,78,2437,82.33,91,30
14:39:44,82,2431,78.47,91,30
14:39:54,86,2431,81.10,91,30
14:40:04,84,2431,81.57,91,30
14:40:14,83,2431,83.42,91,30
14:40:24,85,2431,80.47,91,30
14:40:35,85,2431,79.86,91,30
14:40:45,86,2431,83.80,91,30
14:40:55,85,2431,82.92,91,30
14:41:05,82,2411,80.72,91,30
14:41:15,74,2450,40.83,91,30
14:41:25,83,2437,81.03,91,30
14:41:35,85,2431,84.71,91,30
14:41:45,85,2411,85.48,91,30
14:41:55,85,2405,86.83,91,30
14:42:05,80,2437,72.54,91,30
14:42:15,80,2431,84.71,91,30
14:42:25,80,2424,84.95,91,30
14:42:35,82,2437,87.90,91,30
14:42:45,74,2457,39.30,91,30
14:42:55,82,2437,82.54,91,30
14:43:05,86,2437,86.76,91,30
14:43:15,85,2418,87.39,91,30
14:43:25,82,2411,87.11,91,30
14:43:35,79,2444,75.00,91,30
14:43:45,84,2431,84.59,91,30
14:43:55,86,2392,84.13,91,30
14:44:06,83,2411,86.96,91,30
14:44:16,85,2431,85.13,91,30
14:44:26,85,2379,82.35,91,30
14:44:36,84,2424,86.01,91,30
14:44:46,81,2405,85.67,91,30
14:44:56,79,2444,70.77,91,30
14:45:06,81,2418,83.68,91,30
14:45:16,86,2398,85.85,91,30
14:45:26,85,2424,87.07,91,30
14:45:36,84,2411,84.78,91,30
14:45:46,79,2437,84.71,91,30
14:45:56,80,2418,85.25,91,30
14:46:06,86,2411,86.17,91,30
14:46:16,74,2450,39.33,91,30
14:46:26,81,2431,82.46,91,30
14:46:36,82,2431,85.95,91,30
14:46:46,83,2411,86.18,91,30
14:46:56,82,2366,86.29,91,30
14:47:06,83,2405,85.28,91,30
14:47:16,82,2411,84.21,91,30
14:47:26,86,2431,85.15,91,30
14:47:36,85,2424,87.04,91,30
14:47:46,86,2424,85.80,91,30
14:47:56,83,2424,82.17,91,30
14:48:07,82,2405,83.92,91,30
14:48:17,82,2431,86.53,91,30
14:48:27,86,2392,82.08,91,30
14:48:37,82,2431,85.24,91,30
14:48:47,82,2431,85.24,91,30
14:48:57,80,2450,72.04,91,30
14:49:07,84,2431,83.68,91,30
14:49:17,85,2431,84.35,91,30
14:49:27,82,2353,82.31,91,30
14:49:37,86,2353,82.57,91,30
14:49:47,85,2411,85.86,91,30
14:49:57,84,2385,82.56,91,30
14:50:07,85,2398,86.69,91,30
14:50:17,82,2418,85.44,91,30
14:50:27,86,2431,82.94,91,30
14:50:37,84,2398,83.54,91,30
14:50:47,82,2418,85.71,91,30
14:50:57,85,2398,85.59,91,30
14:51:07,83,2418,83.65,91,30
14:51:17,85,2366,85.96,91,30
14:51:27,82,2437,84.57,91,30
14:51:37,70,2450,38.56,91,30
14:51:48,71,2476,38.18,91,30
14:51:58,70,2476,37.90,91,30
14:52:08,70,2476,37.99,91,30
14:52:18,70,2476,38.01,91,30
14:52:28,71,2476,38.15,91,30
14:52:38,71,2476,39.31,91,30
14:52:48,72,2450,59.22,91,30
14:52:58,80,2444,71.49,91,30
14:53:08,82,2431,70.66,91,30
14:53:18,82,2431,69.63,91,30
14:53:28,82,2431,68.32,91,30
14:53:38,77,2463,45.08,91,29
14:53:48,75,2463,44.51,91,30
14:53:59,74,2463,44.22,91,30
14:54:09,78,2450,62.91,91,30
14:54:19,79,2450,67.53,91,30
14:54:29,77,2463,52.93,91,29
14:54:39,76,2463,44.73,91,30
14:54:49,82,2437,66.90,91,29
14:54:59,76,2463,44.77,91,30
14:55:09,75,2463,44.50,91,30
14:55:19,74,2463,44.19,91,29
14:55:29,74,2463,43.93,91,29
14:55:39,73,2463,42.62,91,30
14:55:49,78,2450,71.09,91,29
14:55:59,81,2444,70.23,91,30
14:56:10,79,2437,69.21,91,29
14:56:20,81,2437,68.50,91,29
14:56:30,80,2437,67.22,92,29
14:56:40,78,2450,66.15,92,29
14:56:50,76,2457,59.71,92,28
14:57:00,75,2463,45.22,92,28
14:57:10,75,2463,44.79,92,28
14:57:20,73,2463,44.73,92,28
14:57:30,75,2457,59.92,92,28
14:57:40,76,2450,61.50,92,28
14:57:50,78,2450,62.54,92,28
14:58:00,79,2450,65.66,92,28
14:58:10,80,2444,65.43,92,28
14:58:21,78,2450,64.20,92,28
14:58:31,81,2437,65.27,92,28
14:58:41,81,2437,65.65,92,28
14:58:51,78,2450,60.88,92,28
14:59:01,75,2463,45.06,92,28
14:59:11,74,2463,44.88,92,28
14:59:21,73,2463,44.75,92,28
14:59:31,73,2463,43.81,92,28
14:59:41,72,2463,42.68,92,28
14:59:51,79,2450,71.19,92,28
15:00:01,79,2444,70.24,93,28
15:00:11,81,2444,68.94,92,28
15:00:22,80,2431,68.04,92,28
15:00:32,81,2437,67.11,92,28
15:00:42,80,2437,66.11,93,28
15:00:52,79,2450,65.11,93,28
15:01:02,80,2437,64.96,93,27
15:01:12,81,2437,64.48,94,27
15:01:22,75,2463,45.79,94,27
15:01:32,75,2463,45.37,94,27
15:01:42,74,2463,45.10,94,27
15:01:52,78,2450,57.63,94,27
15:02:02,77,2450,54.93,94,27
15:02:12,79,2450,63.82,94,27
15:02:22,78,2450,63.86,94,27
15:02:32,79,2444,64.10,94,27
15:02:43,80,2444,64.22,94,27
15:02:53,81,2444,64.55,94,27
15:03:03,79,2437,64.11,94,27
15:03:13,80,2444,64.24,94,27
15:03:23,79,2450,61.99,94,27
15:03:33,78,2444,61.35,94,27
15:03:43,76,2463,45.88,94,27
15:03:53,76,2463,45.56,94,27
15:04:03,74,2463,45.24,94,27
15:04:13,74,2463,45.06,94,27
15:04:23,73,2463,44.79,94,27
15:04:33,73,2463,44.36,94,27
15:04:43,72,2463,43.32,94,27
15:04:54,78,2450,71.20,94,27
15:05:04,79,2450,70.09,94,27
15:05:14,80,2450,69.46,94,27
15:05:24,80,2437,68.18,94,27
15:05:34,80,2437,67.42,94,27
15:05:44,81,2444,66.64,94,27
15:05:54,81,2444,65.68,94,27
15:06:04,80,2444,65.38,94,27
15:06:14,81,2444,64.29,94,27
15:06:24,81,2444,63.84,94,26
15:06:34,79,2437,63.01,95,25
15:06:44,81,2444,62.60,96,25
15:06:54,76,2457,46.47,96,25
15:07:04,75,2457,45.95,96,25
15:07:15,76,2450,60.45,96,25
15:07:25,77,2450,59.99,96,25
15:07:35,79,2450,62.56,96,25
15:07:45,78,2450,62.49,96,25
15:07:55,80,2450,62.06,96,25
15:08:05,80,2450,62.16,96,25
15:08:15,79,2450,62.54,96,25
15:08:25,80,2457,59.75,96,25
15:08:35,78,2437,62.80,96,25
15:08:45,78,2450,62.97,96,25
15:08:55,79,2450,63.02,96,25
15:09:05,80,2437,63.41,96,25
15:09:15,80,2450,62.71,96,24
15:09:25,79,2444,60.95,96,25
15:09:36,78,2444,62.43,96,25
15:09:46,79,2450,59.67,96,25
15:09:56,76,2457,46.55,96,25
15:10:06,77,2457,46.34,96,25
15:10:16,74,2457,45.66,96,25
15:10:26,74,2457,45.63,96,25
15:10:36,74,2463,44.82,96,25
15:10:46,73,2463,43.51,96,25
15:10:56,72,2463,42.41,96,25
15:11:06,77,2450,69.53,96,25
15:11:16,79,2444,73.84,96,25
15:11:26,81,2437,73.98,96,25
15:11:36,83,2431,74.17,96,25
15:11:46,82,2431,72.57,96,25
15:11:57,82,2431,71.83,96,25
15:12:07,77,2457,47.60,96,25
15:12:17,76,2457,47.45,96,25
15:12:27,75,2457,46.90,96,25
15:12:37,74,2457,46.56,96,24
15:12:47,74,2457,46.37,96,25
15:12:57,73,2457,46.22,96,25
15:13:07,73,2457,46.13,96,25
15:13:17,73,2457,52.43,96,25
15:13:27,78,2450,60.94,96,25
15:13:37,76,2444,60.57,96,25
15:13:47,80,2450,57.67,96,25
15:13:57,79,2450,60.33,96,25
15:14:07,81,2444,68.64,96,25
15:14:18,81,2444,71.19,96,25
15:14:28,76,2457,47.35,96,25
15:14:38,81,2444,66.37,96,25
15:14:48,75,2457,47.27,96,25
15:14:58,75,2457,46.65,96,25
15:15:08,74,2457,46.42,96,25
15:15:18,74,2457,46.11,96,25
15:15:28,73,2457,46.16,96,25
15:15:38,73,2457,46.00,96,25
15:15:48,73,2457,45.71,96,25
15:15:58,72,2457,45.55,96,25
15:16:09,72,2457,44.77,96,25
15:16:19,72,2476,42.24,96,25
15:16:29,78,2444,73.92,96,25
15:16:39,80,2444,73.45,96,25
15:16:49,81,2437,72.73,96,25
15:16:59,79,2437,72.31,96,25
15:17:09,80,2431,71.53,96,25
15:17:19,83,2431,71.02,96,25
15:17:29,83,2431,70.49,96,25
15:17:39,77,2457,48.72,96,25
15:17:49,76,2457,48.06,96,25
15:17:59,75,2457,47.51,96,25
15:18:09,74,2457,47.32,96,25
15:18:19,74,2457,47.26,96,24
15:18:30,74,2457,46.94,96,25
15:18:40,74,2457,46.95,96,25
15:18:50,73,2457,46.94,96,25
15:19:00,73,2457,46.60,96,25
15:19:10,73,2457,46.63,96,25
15:19:20,74,2457,50.93,96,25
15:19:30,77,2450,62.28,96,25
15:19:40,77,2457,59.40,96,25
15:19:50,77,2444,64.46,96,25
15:20:00,75,2457,47.88,96,24
15:20:10,81,2450,66.18,96,25
15:20:20,80,2457,63.13,96,25
15:20:30,79,2437,69.19,96,25
15:20:41,81,2444,66.87,96,25
15:20:51,81,2437,69.52,96,24
15:21:01,79,2457,59.46,96,25
15:21:11,82,2437,67.15,96,25
15:21:21,76,2457,48.30,96,25
15:21:31,76,2457,47.81,96,24
15:21:41,75,2457,47.24,96,25
15:21:51,74,2457,47.01,96,25
15:22:01,74,2457,47.15,96,25
15:22:11,74,2457,46.90,96,25
15:22:21,73,2457,46.81,96,24
15:22:31,73,2457,46.69,96,24
15:22:42,73,2457,46.63,96,25
15:22:52,73,2457,46.41,96,25
15:23:02,73,2457,45.75,96,25
15:23:12,73,2457,45.52,96,25
15:23:22,72,2463,43.19,96,25
15:23:32,79,2444,74.28,96,25
15:23:42,81,2444,73.92,96,25
15:23:52,81,2431,73.17,96,25
15:24:02,81,2437,72.10,96,25
15:24:12,82,2431,71.55,96,25
15:24:22,83,2431,70.88,96,24
15:24:32,82,2431,70.22,96,25
15:24:42,82,2437,69.24,96,25
15:24:52,82,2431,69.31,96,25
15:25:02,82,2431,68.62,96,25
15:25:13,77,2457,48.99,96,25
15:25:23,76,2457,48.51,96,25
15:25:33,75,2457,48.39,96,25
15:25:43,76,2457,48.22,96,25
15:25:53,74,2457,47.96,96,25
15:26:03,75,2457,47.91,96,25
15:26:13,73,2457,47.59,96,25
15:26:23,74,2457,47.58,96,25
15:26:33,73,2457,47.47,96,25
15:26:43,74,2457,47.16,96,25
15:26:53,73,2457,47.22,96,25
15:27:03,73,2457,47.15,96,24
15:27:14,78,2450,64.14,96,25
15:27:24,75,2450,49.48,96,25
15:27:34,76,2450,64.25,96,24
15:27:44,79,2444,67.47,96,25
15:27:54,80,2444,67.72,96,25
15:28:04,80,2437,65.35,96,24
15:28:14,77,2444,61.03,96,24
15:28:24,81,2444,65.45,96,25
15:28:34,81,2431,65.55,96,25
15:28:44,82,2437,68.13,96,25
15:28:54,82,2437,67.10,96,25
15:29:04,82,2431,66.75,96,25
15:29:14,79,2437,68.06,96,25
15:29:24,83,2437,68.84,96,25
15:29:34,77,2457,48.98,96,25
15:29:45,77,2457,48.35,96,25
15:29:55,76,2457,48.31,96,25
15:30:05,75,2457,48.16,96,25
15:30:15,75,2457,47.90,96,25
15:30:25,74,2457,47.62,96,25
15:30:35,74,2457,47.69,96,25
15:30:45,74,2457,47.50,96,25
15:30:55,74,2457,47.35,96,25
15:31:05,74,2457,47.14,96,25
15:31:15,73,2457,47.35,96,25
15:31:25,74,2457,46.99,96,25
15:31:36,73,2457,46.86,96,24
15:31:46,73,2457,46.70,96,25
15:31:56,72,2457,46.15,96,25
15:32:06,73,2457,45.62,96,25
15:32:16,72,2463,43.29,96,25
15:32:26,80,2444,73.64,96,25
15:32:36,82,2444,73.61,96,25
15:32:46,82,2431,72.76,96,25
15:32:56,81,2437,72.42,96,24
15:33:06,83,2437,71.54,96,25
15:33:16,81,2431,70.67,96,24
15:33:26,81,2431,70.45,96,24
15:33:36,82,2431,70.06,96,25
15:33:46,83,2431,69.62,96,24
15:33:56,83,2431,69.27,96,25
15:34:07,81,2431,68.91,96,24
15:34:17,81,2431,68.11,96,25
15:34:27,82,2431,67.50,96,24
15:34:37,78,2457,50.37,96,24
15:34:47,76,2457,49.90,96,24
15:34:57,76,2457,49.66,96,24
15:35:07,76,2457,49.37,96,25
15:35:17,76,2457,49.47,96,25
15:35:27,75,2457,49.33,96,25
15:35:37,75,2457,49.15,96,25
15:35:47,75,2457,49.08,96,25
15:35:57,75,2457,48.79,96,25
15:36:08,75,2457,48.90,96,25
15:36:18,74,2457,48.65,96,25
15:36:28,75,2457,48.74,96,25
15:36:38,76,2450,56.69,96,25
15:36:48,76,2457,49.10,96,25
15:36:58,77,2450,63.98,96,25
15:37:08,79,2457,59.22,96,24
15:37:18,79,2444,65.35,96,24
15:37:28,82,2437,66.79,96,24
15:37:38,80,2437,64.88,96,24
15:37:48,82,2437,57.54,96,24
15:37:58,77,2457,56.67,96,24
15:38:08,82,2437,67.10,96,25
15:38:18,82,2437,67.75,96,24
15:38:28,80,2437,67.51,96,25
15:38:39,83,2444,62.17,96,24
15:38:49,82,2431,63.98,96,25
15:38:59,80,2450,64.15,96,24
15:39:09,79,2444,64.28,96,25
15:39:19,78,2457,50.21,96,25
15:39:29,82,2437,58.15,96,24
15:39:39,81,2450,63.66,96,24
15:39:49,78,2450,62.47,96,25
15:39:59,78,2457,50.19,96,24
15:40:09,77,2457,49.83,96,24
15:40:19,76,2457,49.60,96,24
15:40:29,76,2457,49.38,96,24
15:40:39,76,2457,49.48,96,25
15:40:50,75,2457,49.21,96,25
15:41:00,75,2457,49.03,96,25
15:41:10,74,2457,48.80,96,25
15:41:20,74,2457,48.80,96,24
15:41:30,75,2457,48.68,96,24
15:41:40,73,2457,48.32,96,25
15:41:50,74,2457,48.18,96,25
15:42:00,74,2457,47.28,96,25
15:42:10,73,2457,47.00,96,25
15:42:20,73,2457,46.71,96,25
15:42:30,73,2457,46.22,96,24
15:42:41,73,2457,45.66,96,24
15:42:51,72,2457,44.16,96,25
15:43:01,75,2450,72.09,96,25
15:43:11,78,2450,72.18,96,25
15:43:21,80,2431,78.39,96,25
15:43:31,81,2431,78.81,96,24
15:43:41,83,2431,80.32,96,24
15:43:51,86,2431,76.95,96,24
15:44:01,75,2457,52.65,96,25
15:44:11,73,2457,40.92,96,25
15:44:21,83,2431,79.35,96,24
15:44:31,82,2431,80.24,96,24
15:44:41,82,2431,79.25,96,24
15:44:51,84,2431,78.89,96,24
15:45:01,85,2424,78.63,96,24
15:45:11,86,2431,79.68,96,25
15:45:21,84,2431,80.55,96,24
15:45:32,85,2431,80.07,96,25
15:45:42,75,2444,42.32,96,25
15:45:52,73,2444,41.88,96,25
15:46:02,72,2444,41.71,96,24
15:46:12,71,2476,39.52,96,25
15:46:22,82,2431,78.28,96,25
15:46:32,82,2431,78.33,96,25
15:46:42,84,2431,78.57,96,24
15:46:52,84,2431,78.78,96,24
15:47:02,83,2431,80.41,96,24
15:47:12,84,2431,81.01,96,24
15:47:22,82,2431,80.92,96,24
15:47:32,84,2424,81.83,96,24
15:47:42,85,2431,82.62,96,24
15:47:52,84,2431,80.47,96,25
15:48:02,83,2431,80.84,96,24
15:48:12,83,2431,81.35,96,24
15:48:22,82,2431,81.60,96,24
15:48:32,82,2431,81.60,96,25
15:48:43,84,2431,80.40,96,25
15:48:53,82,2431,81.17,96,25
15:49:03,76,2444,43.29,96,24
15:49:13,73,2444,42.70,96,24
15:49:23,72,2450,42.38,96,24
15:49:33,73,2444,56.18,96,25
15:49:43,73,2450,42.68,96,25
15:49:53,73,2444,41.77,96,25
15:50:03,82,2444,75.02,96,24
15:50:13,84,2431,77.61,96,24
15:50:23,85,2431,79.13,96,24
15:50:33,84,2431,79.97,96,24
15:50:43,85,2431,80.58,96,24
15:50:53,85,2424,81.69,96,24
15:51:03,83,2431,82.13,96,24
15:51:13,82,2431,78.54,96,24
15:51:24,83,2431,79.43,96,24
15:51:34,83,2431,81.71,96,24
15:51:44,81,2424,80.54,96,24
15:51:54,84,2431,79.95,96,24
15:52:04,83,2431,80.15,96,24
15:52:14,84,2431,79.47,96,24
15:52:24,82,2431,78.57,96,24
15:52:34,84,2431,78.64,96,24
15:52:44,83,2431,79.34,96,24
15:52:54,82,2431,80.12,96,25
15:53:04,82,2431,79.77,96,25
15:53:14,84,2431,78.46,96,24
15:53:24,84,2431,78.54,96,24
15:53:34,81,2431,79.15,96,24
15:53:44,82,2431,78.94,96,24
15:53:54,82,2431,78.21,96,24
15:54:04,82,2431,78.21,96,24
15:54:14,83,2431,78.84,96,24
15:54:24,83,2431,78.58,96,24
15:54:34,82,2431,79.08,96,24
15:54:45,84,2431,79.20,96,24
15:54:55,82,2431,79.31,96,24
15:55:05,81,2431,80.58,96,25
15:55:15,84,2431,81.23,96,24
15:55:25,80,2431,77.39,96,24
15:55:35,84,2431,75.13,96,24
15:55:45,73,2444,43.53,96,24
15:55:55,72,2444,43.09,96,24
15:56:05,71,2450,42.67,96,24
15:56:15,76,2444,66.39,96,24
15:56:25,76,2444,49.09,96,24
15:56:35,80,2437,66.32,96,24
15:56:45,75,2444,43.72,96,25
15:56:55,75,2444,43.59,96,24
15:57:06,75,2444,43.44,96,24
15:57:16,74,2457,35.92,96,24
15:57:26,83,2431,79.27,96,24
15:57:36,84,2431,78.50,96,24
15:57:46,82,2431,79.96,96,24
15:57:56,83,2431,79.99,96,24
15:58:06,85,2431,79.05,96,24
15:58:16,84,2431,79.71,96,24
15:58:26,81,2431,78.96,96,24
15:58:36,82,2431,80.81,96,24
15:58:46,82,2431,79.72,96,24
15:58:56,81,2431,80.13,96,24
15:59:06,82,2431,80.55,96,24
15:59:16,82,2431,82.61,96,24
15:59:26,83,2431,81.10,96,24
15:59:36,82,2431,79.34,96,24
15:59:46,82,2431,79.04,96,24
15:59:56,82,2431,80.63,96,24
16:00:06,84,2431,80.38,96,24
16:00:16,83,2431,80.14,96,24
16:00:27,82,2431,79.64,96,24
16:00:37,83,2431,78.56,96,24
16:00:47,82,2431,79.46,96,24
16:00:57,81,2431,79.09,96,24
16:01:07,83,2431,78.08,96,24
16:01:17,82,2431,78.66,96,24
16:01:27,83,2431,79.35,96,24
16:01:37,81,2431,77.91,96,24
16:01:47,81,2431,77.22,96,24
16:01:57,83,2431,77.80,96,24
16:02:07,84,2437,78.54,96,24
16:02:17,82,2431,77.32,96,24
16:02:27,82,2431,77.41,96,24
16:02:37,81,2431,77.70,96,24
16:02:47,82,2431,79.07,96,24
16:02:57,82,2431,79.58,96,24
16:03:07,81,2424,78.01,96,24
16:03:17,82,2431,78.14,96,24
16:03:28,83,2424,79.55,96,24
16:03:38,82,2431,79.64,96,24
16:03:48,81,2424,81.40,96,24
16:03:58,82,2424,80.46,96,24
16:04:08,81,2431,80.81,96,24
16:04:18,80,2431,82.69,96,24
16:04:28,82,2431,82.69,96,24
16:04:38,82,2431,80.19,96,24
16:04:48,83,2431,80.46,96,24
16:04:58,81,2431,80.75,96,24
16:05:08,83,2431,80.14,96,24
16:05:18,82,2431,82.02,96,24
16:05:28,82,2411,58.18,96,24
16:05:38,80,2437,72.62,96,24
16:05:48,73,2437,43.24,96,24
16:05:58,72,2437,42.80,96,24
16:06:08,71,2444,42.20,96,24
16:06:18,71,2444,42.31,96,24
16:06:29,72,2450,46.94,96,24
16:06:39,76,2444,54.98,96,24
16:06:49,75,2444,52.25,96,24
16:06:59,78,2437,58.13,96,24
16:07:09,76,2437,43.76,96,24
16:07:19,76,2437,43.62,96,24
16:07:29,76,2437,43.65,96,24
16:07:39,75,2444,44.08,96,24
16:07:49,75,2444,43.91,96,24
16:07:59,81,2431,71.29,96,24
16:08:09,84,2431,79.31,96,24
16:08:19,84,2431,79.38,96,24
16:08:29,83,2431,79.39,96,24
16:08:40,84,2431,78.62,96,24
16:08:50,83,2431,79.87,97,24
16:09:00,84,2431,79.36,96,24
16:09:10,83,2431,77.65,96,24
16:09:20,82,2431,78.22,96,24
16:09:30,82,2431,78.52,96,24
16:09:40,81,2431,78.52,96,24
16:09:50,82,2431,78.40,96,24
16:10:00,82,2431,77.52,96,24
16:10:10,83,2431,79.72,96,24
16:10:20,81,2431,80.47,96,24
16:10:30,84,2431,80.71,96,24
16:10:40,82,2431,80.50,96,24
16:10:50,82,2431,80.46,96,24
16:11:00,83,2431,79.87,96,24
16:11:10,84,2431,81.67,96,24
16:11:20,81,2431,80.47,96,24
16:11:30,85,2431,80.21,96,24
16:11:40,83,2431,80.98,96,24
16:11:50,81,2431,82.24,96,24
16:12:01,81,2431,82.25,96,24
16:12:11,83,2431,80.08,96,24
16:12:21,82,2424,80.25,96,24
16:12:31,84,2431,80.15,96,24
16:12:41,84,2431,80.00,96,24
16:12:51,83,2431,78.56,96,24
16:13:01,83,2431,78.83,96,24
16:13:11,84,2431,79.90,96,24
16:13:21,81,2431,80.23,96,24
16:13:31,83,2431,79.15,96,24
16:13:41,83,2431,78.57,96,24
16:13:51,82,2431,79.66,96,24
16:14:01,82,2431,78.00,96,24
16:14:11,81,2431,77.89,96,24
16:14:21,82,2431,76.88,96,24
16:14:31,81,2431,77.79,97,24
16:14:41,82,2431,77.84,97,24
16:14:51,80,2431,77.81,96,24
16:15:01,82,2431,77.10,96,24
16:15:12,82,2431,79.73,96,24
16:15:22,81,2431,80.66,96,24
16:15:32,81,2431,80.89,96,24
16:15:42,83,2431,80.94,96,24
16:15:52,81,2431,81.13,96,24
16:16:02,84,2431,80.67,96,24
16:16:12,84,2431,81.75,97,24
16:16:22,81,2431,79.90,96,24
16:16:32,84,2431,81.07,96,24
16:16:42,83,2431,81.79,97,24
16:16:52,81,2431,81.13,96,24
16:17:02,83,2431,79.82,96,24
16:17:12,82,2431,81.47,96,24
16:17:22,82,2431,81.01,96,24
16:17:32,81,2431,79.71,96,24
16:17:42,82,2431,77.77,96,24
16:17:52,82,2431,79.04,96,24
16:18:02,83,2437,78.51,96,24
16:18:12,80,2431,78.61,96,24
16:18:22,82,2431,77.96,96,24
16:18:32,84,2431,79.13,96,24
16:18:43,81,2437,79.08,96,24
16:18:53,81,2431,78.96,96,24
16:19:03,79,2444,73.71,96,24
16:19:13,83,2444,68.09,97,24
16:19:23,73,2437,43.25,96,24
16:19:33,72,2437,42.74,96,24
16:19:43,71,2444,42.25,96,24
16:19:53,71,2444,42.45,96,24
16:20:03,72,2444,42.40,96,24
16:20:13,72,2437,42.81,96,24
16:20:23,77,2444,62.89,96,24
16:20:33,75,2437,49.76,96,24
16:20:43,78,2437,56.20,96,24
16:20:54,77,2444,46.41,96,24
16:21:04,77,2437,44.29,97,24
16:21:14,77,2444,44.11,96,24
16:21:24,76,2437,43.99,97,24
16:21:34,76,2437,43.87,96,24
16:21:44,76,2437,43.79,96,24
16:21:54,76,2437,44.01,96,24
16:22:04,76,2444,43.72,96,24
16:22:14,81,2437,70.72,96,24
16:22:24,82,2359,80.54,96,24
16:22:34,78,2437,69.96,96,24
16:22:44,83,2424,84.09,96,24
16:22:54,87,2431,81.70,96,24
16:23:04,84,2431,81.50,96,24
16:23:14,86,2431,84.09,96,24
16:23:24,84,2431,82.54,96,24
16:23:35,86,2431,85.80,96,24
16:23:45,83,2418,81.97,96,24
16:23:55,85,2424,82.28,96,24
16:24:05,85,2431,83.97,96,24
16:24:15,83,2437,80.96,96,24
16:24:25,86,2431,85.55,96,24
16:24:35,73,2444,41.34,96,24
16:24:45,73,2444,41.16,96,24
16:24:55,71,2457,43.22,96,24
16:25:05,81,2437,80.52,96,24
16:25:15,83,2398,83.62,97,24
16:25:25,85,2431,84.80,96,24
16:25:35,82,2431,82.13,96,24
16:25:45,83,2431,83.23,96,24
16:25:55,86,2411,83.47,96,24
16:26:05,85,2431,86.36,96,24
16:26:15,83,2418,82.50,96,24
16:26:25,83,2431,78.83,96,24
16:26:35,85,2424,85.42,96,24
16:26:45,84,2431,82.10,96,24
16:26:55,84,2431,83.57,96,24
16:27:06,84,2431,81.51,96,24
16:27:16,86,2431,87.05,96,24
16:27:26,84,2431,85.13,96,24
16:27:36,84,2431,82.36,96,24
16:27:46,84,2431,81.30,96,24
16:27:56,85,2431,84.66,96,24
16:28:06,83,2411,84.49,96,24
16:28:16,85,2431,85.17,96,24
16:28:26,83,2437,83.67,96,24
16:28:36,84,2418,84.83,96,24
16:28:46,73,2437,41.57,96,24
16:28:56,73,2444,72.87,96,24
16:29:06,80,2437,74.23,96,24
16:29:16,72,2437,41.37,96,24
16:29:26,72,2450,40.43,96,24
16:29:36,82,2437,79.54,96,24
16:29:46,84,2424,83.33,96,24
16:29:57,84,2418,83.65,96,24
16:30:07,82,2431,82.36,96,24
16:30:17,83,2431,85.76,96,24
16:30:27,85,2424,85.38,96,24
16:30:37,83,2431,85.06,96,24
16:30:47,81,2431,80.22,96,24
16:30:57,85,2431,83.22,96,24
16:31:07,85,2431,84.81,96,24
16:31:17,85,2431,83.49,96,24
16:31:27,82,2431,83.75,96,24
16:31:37,83,2398,83.06,96,24
16:31:47,82,2431,85.50,96,24
16:31:57,82,2424,85.56,96,24
16:32:07,80,2431,82.70,96,24
16:32:17,81,2411,82.63,96,24
16:32:27,82,2431,85.95,96,24
16:32:37,84,2431,83.35,96,24
16:32:47,82,2431,83.03,96,24
16:32:57,85,2405,84.77,96,24
16:33:07,85,2431,84.73,96,24
16:33:17,80,2431,82.48,96,24
16:33:28,83,2431,83.29,96,24
16:33:38,83,2431,83.38,96,24
16:33:48,85,2431,83.25,96,24
16:33:58,85,2431,82.62,96,24
16:34:08,83,2431,81.63,96,24
16:34:18,84,2418,84.15,96,24
16:34:28,81,2431,83.03,96,24
16:34:38,83,2431,83.43,96,24
16:34:48,82,2431,82.03,96,24
16:34:58,84,2418,84.12,96,24
16:35:08,83,2418,84.00,96,24
16:35:18,82,2431,82.81,96,24
16:35:28,82,2424,80.66,96,24
16:35:38,82,2431,85.41,96,24
16:35:48,85,2431,84.09,96,24
16:35:58,83,2424,81.85,96,24
16:36:08,82,2431,82.09,96,24
16:36:18,82,2424,85.45,96,24
16:36:28,83,2431,85.29,96,24
16:36:38,84,2418,84.63,96,24
16:36:48,84,2431,83.78,96,24
16:36:59,74,2437,42.36,96,24
16:37:09,72,2437,41.97,97,24
16:37:19,71,2444,41.50,96,24
16:37:29,78,2437,73.11,97,24
16:37:39,76,2437,72.04,96,24
16:37:49,76,2437,42.67,97,24
16:37:59,75,2437,42.52,96,24
16:38:09,74,2437,41.92,96,24
16:38:19,74,2437,41.83,96,24
16:38:29,84,2431,80.19,97,24
16:38:39,85,2366,81.56,96,24
16:38:49,81,2431,78.86,96,24
16:38:59,83,2424,80.86,96,24
16:39:09,81,2411,82.96,96,24
16:39:19,85,2424,84.06,96,24
16:39:30,82,2431,82.76,96,24
16:39:40,84,2431,81.85,96,24
16:39:50,84,2431,85.04,96,24
16:40:00,83,2431,82.73,96,24
16:40:10,82,2431,81.59,96,24
16:40:20,83,2431,82.80,96,24
16:40:30,85,2431,83.58,96,24
16:40:40,82,2418,83.64,96,24
16:40:50,85,2431,84.19,96,24
16:41:00,82,2431,82.60,96,24
16:41:10,85,2431,84.44,96,24
16:41:20,85,2431,82.69,96,24
16:41:30,84,2431,82.98,96,24
16:41:40,82,2431,83.08,96,24
16:41:50,84,2431,86.09,96,24
16:42:00,83,2424,83.90,96,24
16:42:10,83,2431,83.61,96,24
16:42:20,83,2431,83.86,96,24
16:42:30,84,2411,85.08,96,24
16:42:40,82,2431,84.27,96,24
16:42:50,82,2424,82.77,96,24
16:43:01,83,2431,84.44,96,24
16:43:11,82,2424,82.03,96,24
16:43:21,84,2424,84.31,96,24
16:43:31,85,2431,82.55,96,24
16:43:41,83,2431,84.45,96,24
16:43:51,83,2431,84.58,97,24
16:44:01,82,2431,83.26,96,24
16:44:11,82,2431,81.28,96,24
16:44:21,85,2418,85.53,96,24
16:44:31,83,2424,83.71,96,24
16:44:41,82,2431,84.45,96,24
16:44:51,82,2411,79.45,96,24
16:45:01,86,2424,84.88,96,24
16:45:11,85,2431,86.23,96,24
16:45:21,82,2424,84.12,97,24
16:45:31,82,2431,81.15,96,24
16:45:41,83,2431,86.08,96,24
16:45:51,83,2424,85.99,96,24
16:46:01,81,2431,82.72,96,24
16:46:11,84,2431,81.98,96,24
16:46:21,83,2424,85.37,96,24
16:46:31,85,2431,85.36,97,24
16:46:42,81,2431,81.49,96,24
16:46:52,82,2431,82.25,96,24
16:47:02,80,2431,83.15,96,24
16:47:12,83,2424,84.92,96,24
16:47:22,84,2431,83.51,96,24
16:47:32,82,2431,80.85,96,24
16:47:42,81,2431,85.22,96,24
16:47:52,81,2359,83.47,96,24
16:48:02,82,2431,82.95,96,24
16:48:12,85,2431,80.51,96,24
16:48:22,84,2431,85.68,96,24
16:48:32,85,2411,83.42,96,24
16:48:42,81,2431,83.54,96,24
16:48:52,85,2431,82.51,96,24
16:49:02,83,2431,86.54,96,24
16:49:12,80,2424,45.89,96,24
16:49:22,81,2437,82.56,96,24
16:49:32,75,2431,42.70,96,24
16:49:42,72,2431,41.90,96,24
16:49:52,71,2431,41.02,96,24
16:50:03,71,2431,40.91,96,24
16:50:13,74,2437,51.39,96,24
16:50:23,78,2437,73.18,96,24
16:50:33,75,2437,54.28,96,24
16:50:43,82,2437,76.89,96,24
16:50:53,75,2431,42.67,96,24
16:51:03,73,2431,42.28,96,24
16:51:13,73,2437,42.60,96,24
16:51:23,72,2437,42.32,96,24
16:51:33,77,2450,74.56,96,24
16:51:43,81,2431,83.28,97,24
16:51:53,81,2431,84.08,96,24
16:52:03,86,2431,84.62,96,24
16:52:13,83,2431,84.74,97,24
16:52:23,82,2431,82.90,96,24
16:52:33,84,2385,80.55,96,24
16:52:43,84,2411,84.26,96,24
16:52:53,83,2431,84.30,96,24
16:53:03,83,2418,84.26,97,24
16:53:14,84,2379,81.94,96,24
16:53:24,86,2431,86.92,96,24
16:53:34,85,2424,84.73,97,24
16:53:44,83,2431,84.79,96,24
16:53:54,81,2431,83.83,96,24
16:54:04,85,2424,82.83,96,24
16:54:14,82,2431,83.70,96,24
16:54:24,82,2431,84.59,96,24
16:54:34,84,2431,84.11,96,24
16:54:44,84,2411,84.78,97,24
16:54:54,84,2424,83.03,96,24
16:55:04,82,2431,81.48,96,24
16:55:14,85,2431,86.40,97,24
16:55:24,82,2431,85.47,97,24
16:55:34,82,2431,83.52,96,24
16:55:44,82,2431,80.96,96,24
16:55:54,83,2418,85.40,96,24
16:56:04,83,2418,85.16,96,24
16:56:14,84,2431,82.79,96,24
16:56:24,83,2431,83.29,96,24
16:56:34,86,2431,83.91,96,24
16:56:44,84,2431,85.19,97,24
16:56:55,82,2431,82.73,97,24
16:57:05,82,2431,82.74,96,24
16:57:15,85,2431,85.75,96,24
16:57:25,83,2431,83.20,96,24
16:57:35,84,2424,84.59,96,24
16:57:45,82,2431,80.25,97,24
16:57:55,82,2431,86.28,97,24
16:58:05,85,2431,84.20,96,24
16:58:15,84,2431,84.24,96,24
16:58:25,85,2431,80.34,96,24
16:58:35,82,2431,86.64,96,24
16:58:45,84,2424,82.82,96,24
16:58:55,84,2431,84.48,96,24
16:59:05,82,2431,81.72,96,24
16:59:15,85,2431,86.25,96,24
16:59:25,82,2431,83.83,96,24
16:59:35,82,2431,85.08,96,24
16:59:45,81,2431,81.83,96,24
16:59:55,85,2431,86.23,96,24
17:00:05,82,2431,84.42,97,24
17:00:15,82,2424,82.23,97,24
17:00:25,84,2431,82.55,96,24
17:00:36,85,2405,84.57,96,24
17:00:46,85,2431,84.34,96,24
17:00:56,82,2431,81.63,96,24
17:01:06,81,2431,81.60,96,24
17:01:16,82,2431,84.55,96,24
17:01:26,82,2431,85.02,96,24
17:01:36,84,2431,82.51,96,24
17:01:46,82,2431,84.65,96,24
17:01:56,85,2431,86.16,96,24
17:02:06,84,2431,85.90,96,24
17:02:16,82,2418,81.87,96,24
17:02:26,82,2431,82.45,97,24
17:02:36,80,2431,84.50,97,24
17:02:46,81,2424,83.85,96,24
17:02:56,82,2431,81.99,96,24
17:03:06,84,2431,82.42,96,24
17:03:16,85,2437,83.94,96,24
17:03:26,85,2431,83.10,96,24
17:03:36,83,2431,81.40,97,24
17:03:46,84,2431,87.75,97,24
17:03:56,85,2431,82.43,96,24
17:04:07,84,2431,84.30,96,24
17:04:17,82,2431,82.05,96,24
17:04:27,83,2424,85.05,96,24
17:04:37,84,2431,85.54,97,24
17:04:47,84,2431,85.67,97,24
17:04:57,83,2431,80.54,97,24
17:05:07,81,2431,85.57,97,24
17:05:17,82,2431,86.68,96,24
17:05:27,83,2431,85.58,96,24
17:05:37,84,2431,83.66,96,24
17:05:47,82,2431,81.54,96,24
17:05:57,81,2431,84.83,96,24
17:06:07,81,2431,80.87,96,24
17:06:17,80,2437,76.63,96,24
17:06:27,73,2437,42.94,96,24
17:06:37,72,2437,42.37,96,24
17:06:47,71,2444,41.76,96,24
17:06:57,70,2444,41.84,96,24
17:07:08,71,2444,41.87,96,24
17:07:18,74,2444,67.01,97,24
17:07:28,82,2437,72.38,97,24
17:07:38,79,2437,62.20,96,24
17:07:48,82,2437,62.24,96,24
17:07:58,79,2437,68.14,96,24
17:08:08,74,2437,43.12,96,24
17:08:18,73,2437,42.68,96,24
17:08:28,72,2437,42.51,97,24
17:08:38,72,2437,42.28,97,24
17:08:48,71,2437,42.15,96,24
17:08:58,76,2450,68.86,96,24
17:09:08,80,2444,85.09,96,24
17:09:18,81,2424,86.12,96,24
17:09:28,82,2418,89.35,96,24
17:09:39,75,2463,50.36,96,24
17:09:49,81,2431,79.56,96,24
17:09:59,81,2431,84.91,96,24
17:10:09,82,2424,86.22,96,24
17:10:19,82,2411,87.66,96,24
17:10:29,85,2418,86.65,96,24
17:10:39,84,2431,86.18,96,24
17:10:49,83,2366,85.80,96,24
17:10:59,85,2424,87.89,96,24
17:11:09,85,2431,87.59,96,24
17:11:19,83,2431,88.02,96,24
17:11:29,85,2411,86.69,96,24
17:11:39,85,2424,88.30,96,24
17:11:49,85,2418,85.18,96,24
17:11:59,86,2405,85.71,96,24
17:12:09,82,2418,77.94,96,24
17:12:19,83,2431,81.92,96,24
17:12:29,86,2431,86.20,96,24
17:12:39,82,2398,86.80,96,24
17:12:49,84,2411,86.99,96,24
17:12:59,86,2418,88.25,96,24
17:13:09,82,2431,86.69,96,24
17:13:19,86,2431,87.73,96,24
17:13:29,84,2424,89.56,96,24
17:13:40,86,2392,81.79,96,24
17:13:50,85,2418,84.24,96,24
17:14:00,82,2411,86.43,96,24
17:14:10,73,2450,41.16,96,24
17:14:20,73,2450,41.01,96,24
17:14:30,79,2444,76.13,96,24
17:14:40,80,2450,74.97,96,24
17:14:50,81,2431,81.73,96,24
17:15:00,76,2431,53.79,96,24
17:15:10,74,2457,40.27,96,24
17:15:20,81,2431,79.97,96,24
17:15:30,83,2431,78.90,96,24
17:15:40,84,2431,79.94,96,24
17:15:50,83,2431,80.06,96,24
17:16:00,75,2457,41.93,96,24
17:16:10,73,2457,51.73,96,24
17:16:21,77,2444,72.12,96,24
17:16:31,81,2431,80.59,96,24
17:16:41,84,2431,81.25,96,24
17:16:51,83,2431,82.03,96,24
17:17:01,84,2424,80.02,96,24
17:17:11,84,2424,79.97,96,24
17:17:21,84,2431,79.61,96,24
17:17:31,84,2418,78.93,96,24
17:17:41,77,2431,63.26,96,24
17:17:51,74,2444,42.13,96,24
17:18:01,80,2450,65.98,96,24
17:18:11,73,2450,41.77,96,24
17:18:21,80,2444,74.38,96,24
17:18:31,82,2431,79.93,96,24
17:18:41,83,2405,80.74,96,24
17:18:51,86,2398,79.53,96,24
17:19:01,85,2431,80.57,96,24
17:19:11,85,2431,77.81,96,24
17:19:22,84,2424,82.35,96,24
17:19:32,83,2431,82.52,96,24
17:19:42,83,2431,81.73,96,24
17:19:52,85,2431,79.91,96,24
17:20:02,85,2431,81.40,96,24
17:20:12,85,2431,82.01,96,24
17:20:22,82,2431,81.11,96,24
17:20:32,84,2431,79.60,96,24
17:20:42,82,2431,78.96,96,24
17:20:52,83,2431,80.44,96,24
17:21:02,73,2437,60.64,96,24
17:21:12,75,2444,43.14,96,24
17:21:22,73,2450,42.75,96,24
17:21:32,74,2444,59.55,96,24
17:21:42,74,2444,49.47,96,24
17:21:52,74,2444,42.76,96,24
17:22:02,74,2444,42.34,96,24
17:22:13,82,2431,80.66,96,24
17:22:23,84,2431,80.25,96,24
17:22:33,83,2431,77.93,96,24
17:22:43,83,2431,77.68,96,24
17:22:53,84,2431,79.30,96,24
17:23:03,85,2424,79.08,97,24
17:23:13,83,2431,79.28,96,24
17:23:23,85,2431,79.43,96,24
17:23:33,84,2431,79.24,96,24
17:23:43,82,2431,78.91,96,24
17:23:53,84,2431,78.41,96,24
17:24:03,83,2431,77.82,96,24
17:24:13,84,2431,78.70,96,24
17:24:23,81,2431,78.46,96,24
17:24:33,83,2431,78.99,96,24
17:24:43,83,2431,78.87,97,24
17:24:53,83,2431,78.09,96,24
17:25:03,82,2431,78.40,96,24
17:25:13,83,2431,78.64,96,24
17:25:23,82,2431,78.52,96,24
17:25:33,82,2431,78.60,96,24
17:25:44,82,2431,78.37,96,24
17:25:54,83,2431,78.07,96,24
17:26:04,84,2431,78.02,96,24
17:26:14,84,2431,80.28,96,24
17:26:24,75,2437,43.28,96,24
17:26:34,73,2444,42.73,96,24
17:26:44,72,2444,42.48,96,24
17:26:54,80,2444,71.62,96,24
17:27:04,75,2444,47.94,96,24
17:27:14,76,2444,43.45,96,24
17:27:24,76,2444,43.31,96,24
17:27:34,75,2450,43.76,96,24
17:27:44,82,2431,76.37,96,24
17:27:54,86,2431,81.26,96,24
17:28:05,86,2431,81.03,96,24
17:28:15,84,2431,80.49,96,24
17:28:25,83,2418,79.59,96,24
17:28:35,83,2431,79.06,96,24
17:28:45,82,2431,78.77,97,24
17:28:55,86,2431,79.29,96,24
17:29:05,82,2431,79.92,97,24
17:29:15,85,2431,81.64,96,24
17:29:25,85,2431,80.23,96,24
17:29:35,83,2379,78.58,96,24
17:29:45,84,2431,80.51,96,24
17:29:55,83,2431,80.96,96,24
17:30:05,83,2431,81.14,96,24
17:30:15,86,2431,80.94,96,24
17:30:25,84,2431,80.22,96,24
17:30:35,82,2431,79.93,96,24
17:30:45,85,2431,79.12,96,24
17:30:55,83,2431,78.50,96,24
17:31:05,82,2424,78.62,96,24
17:31:15,83,2431,79.69,96,24
17:31:26,82,2431,80.01,96,24
17:31:36,85,2431,77.74,96,24
17:31:46,84,2431,77.70,96,24
17:31:56,82,2431,79.21,96,24
17:32:06,83,2431,79.63,96,24
17:32:16,82,2431,79.85,96,24
17:32:26,82,2431,78.89,96,24
17:32:36,82,2431,77.53,96,24
17:32:46,82,2431,77.30,96,24
17:32:56,83,2431,78.22,96,24
17:33:06,80,2437,80.32,96,24
17:33:16,81,2431,75.99,96,24
17:33:26,74,2444,43.68,96,24
17:33:36,73,2444,43.24,96,24
17:33:46,72,2444,43.03,96,24
17:33:56,73,2444,54.66,96,24
17:34:06,76,2444,63.30,96,24
17:34:17,79,2437,53.43,97,24
17:34:27,81,2444,54.38,96,24
17:34:37,76,2444,44.13,96,24
17:34:47,76,2444,43.95,96,24
17:34:57,76,2450,44.03,96,24
17:35:07,82,2431,75.06,96,24
17:35:17,87,2431,77.77,97,24
17:35:27,84,2405,79.90,96,24
17:35:37,85,2431,79.86,96,24
17:35:47,85,2431,80.89,96,24
17:35:57,85,2424,80.70,96,24
17:36:07,83,2431,79.99,96,24
17:36:17,83,2431,79.20,96,24
17:36:27,82,2431,79.90,96,24
17:36:37,83,2431,80.50,96,24
17:36:47,82,2431,80.79,96,24
17:36:58,82,2431,79.87,96,24
17:37:08,83,2431,78.76,96,24
17:37:18,85,2424,79.15,97,24
17:37:28,83,2431,77.12,97,24
17:37:38,83,2424,78.02,97,24
17:37:48,85,2431,79.88,96,24
17:37:58,83,2431,78.38,96,24
17:38:08,82,2431,78.36,96,24
17:38:18,85,2431,77.83,96,24
17:38:28,82,2431,78.17,96,24
17:38:38,83,2431,78.89,96,24
17:38:48,83,2431,79.20,96,24
17:38:58,84,2431,79.95,96,24
17:39:08,83,2431,79.31,96,24
17:39:18,84,2431,77.98,96,24
17:39:28,83,2424,78.92,96,24
17:39:38,82,2431,79.25,96,24
17:39:48,82,2431,79.38,96,24
17:39:58,83,2431,79.45,96,24
17:40:09,84,2431,80.65,96,24
17:40:19,81,2431,79.98,96,24
17:40:29,83,2431,80.71,96,24
17:40:39,83,2431,80.57,96,24
17:40:49,83,2431,80.49,96,24
17:40:59,84,2431,81.74,96,24
17:41:09,83,2431,82.53,96,24
17:41:19,84,2431,83.15,96,24
17:41:29,83,2431,82.60,96,24
17:41:39,82,2431,80.80,96,24
17:41:49,83,2431,80.33,96,24
17:41:59,82,2431,79.59,96,24
17:42:09,81,2431,79.33,97,24
17:42:19,82,2431,79.39,96,24
17:42:29,85,2431,80.96,96,24
17:42:39,85,2431,81.48,96,24
17:42:49,83,2431,80.99,96,24
17:42:59,83,2431,80.73,96,24
17:43:09,84,2431,82.22,96,24
17:43:20,83,2431,77.27,96,24
17:43:30,82,2437,71.32,96,24
17:43:40,74,2437,43.58,96,24
17:43:50,73,2437,42.96,96,24
17:44:00,72,2437,42.81,96,24
17:44:10,72,2437,42.77,96,24
17:44:20,73,2437,52.52,96,24
17:44:30,80,2444,68.46,96,24
17:44:40,83,2444,63.88,96,24
17:44:50,83,2437,61.80,96,24
17:45:00,81,2431,68.21,96,24
17:45:10,77,2437,46.03,96,24
17:45:20,75,2437,43.65,96,24
17:45:30,76,2437,43.33,96,24
17:45:41,74,2444,43.39,96,24
17:45:51,74,2444,42.86,96,24
17:46:01,79,2444,71.95,96,24
17:46:11,83,2431,81.00,96,24
17:46:21,83,2431,80.89,96,24
17:46:31,84,2379,77.79,96,24
17:46:41,85,2431,80.09,96,24
17:46:51,83,2431,80.45,96,24
17:47:01,83,2424,79.88,96,24
17:47:11,82,2431,79.61,96,24
17:47:21,86,2431,78.50,96,24
17:47:31,85,2424,79.14,97,24
17:47:41,84,2431,78.07,96,24
17:47:51,84,2431,78.33,97,24
17:48:01,82,2431,77.40,97,24
17:48:11,83,2431,78.35,97,24
17:48:21,86,2431,78.94,96,24
17:48:32,85,2431,79.44,96,24
17:48:42,84,2431,80.15,96,24
17:48:52,83,2431,79.57,96,24
17:49:02,84,2431,78.28,97,24
17:49:12,82,2431,77.85,97,24
17:49:22,83,2431,77.87,96,24
17:49:32,83,2431,78.62,96,24
17:49:42,84,2431,79.17,96,24
17:49:52,83,2431,79.47,96,24
17:50:02,85,2431,78.99,96,24
17:50:12,83,2431,78.54,96,24
17:50:22,83,2431,78.89,96,24
17:50:32,85,2431,79.50,96,24
17:50:42,84,2431,79.86,96,24
17:50:52,83,2431,80.50,96,24
17:51:02,84,2431,81.09,96,24
17:51:12,83,2431,80.98,96,24
17:51:22,82,2431,80.87,96,24
17:51:32,83,2431,81.99,96,24
17:51:43,83,2431,82.67,96,24
17:51:53,83,2431,82.68,96,24
17:52:03,83,2431,82.20,97,24
17:52:13,83,2431,80.14,96,24
17:52:23,84,2431,79.87,96,24
17:52:33,85,2431,79.32,96,24
17:52:43,83,2431,79.78,96,24
17:52:53,83,2431,81.38,97,24
17:53:03,83,2431,82.81,96,24
17:53:13,83,2431,82.27,96,24
17:53:23,85,2431,81.85,96,24
17:53:33,82,2431,80.31,96,24
17:53:43,85,2431,81.27,96,24
17:53:53,82,2431,81.67,96,24
17:54:03,84,2431,81.31,97,24
17:54:13,84,2431,80.40,96,24
17:54:23,82,2431,79.17,96,24
17:54:33,83,2431,78.91,96,24
17:54:43,82,2431,79.30,96,24
17:54:53,83,2431,79.52,96,24
17:55:03,85,2431,80.44,96,24
17:55:14,85,2431,80.68,96,24
17:55:24,84,2431,79.60,96,24
17:55:34,83,2431,79.19,96,24
17:55:44,84,2431,78.17,96,24
17:55:54,84,2431,79.52,96,24
17:56:04,84,2431,79.28,96,24
17:56:14,84,2424,78.16,96,24
17:56:24,85,2431,77.98,96,24
17:56:34,82,2431,78.05,97,24
17:56:44,83,2431,79.05,96,24
17:56:54,85,2431,79.70,96,24
17:57:04,84,2437,73.03,96,24
17:57:14,78,2437,68.50,96,24
17:57:24,74,2437,43.79,96,24
17:57:34,73,2437,43.12,97,24
17:57:44,72,2437,42.87,96,24
17:57:54,72,2437,42.87,96,24
17:58:05,73,2437,42.93,97,24
17:58:15,74,2437,54.76,96,24
17:58:25,77,2431,53.38,96,24
17:58:35,80,2437,67.54,97,24
17:58:45,85,2437,67.54,96,24
17:58:55,80,2431,65.77,96,24
17:59:05,80,2431,65.86,97,24
17:59:15,77,2437,57.22,96,24
17:59:25,77,2437,44.07,97,24
17:59:35,75,2437,43.84,97,24
17:59:45,75,2437,43.48,96,24
17:59:55,74,2437,43.28,96,24
18:00:05,73,2444,43.50,97,24
18:00:15,73,2444,43.27,96,24
18:00:26,73,2444,41.97,96,24
18:00:36,84,2437,83.27,96,24
18:00:46,85,2424,86.62,96,24
18:00:56,86,2418,83.38,96,24
18:01:06,77,2450,57.06,96,24
18:01:16,81,2444,76.80,96,24
18:01:26,85,2431,85.71,96,24
18:01:36,86,2411,85.83,96,24
18:01:46,85,2431,85.99,96,24
18:01:56,84,2418,87.83,96,24
18:02:06,86,2424,84.89,96,24
18:02:16,86,2405,84.77,97,24
18:02:26,80,2418,85.26,96,24
18:02:36,74,2450,39.55,96,24
18:02:46,77,2450,67.36,96,24
18:02:56,81,2431,83.49,96,24
18:03:06,83,2411,85.21,96,24
18:03:16,81,2424,85.82,96,24
18:03:26,86,2431,82.78,96,24
18:03:36,86,2431,86.18,96,24
18:03:46,86,2418,84.53,96,24
18:03:57,86,2353,83.64,96,24
18:04:07,81,2418,85.04,96,24
18:04:17,86,2398,85.21,96,24
18:04:27,86,2424,85.07,96,24
18:04:37,87,2418,84.82,96,24
18:04:47,84,2411,85.38,96,24
18:04:57,81,2405,84.29,97,24
18:05:07,83,2424,86.07,96,24
18:05:17,76,2444,52.76,96,24
18:05:27,73,2450,47.20,96,24
18:05:37,72,2450,40.72,96,24
18:05:47,81,2437,77.44,96,24
18:05:57,84,2431,85.39,96,24
18:06:07,84,2424,85.73,96,24
18:06:17,84,2418,82.22,96,24
18:06:27,83,2411,87.69,96,24
18:06:37,81,2392,87.41,96,24
18:06:47,84,2431,84.97,96,24
18:06:57,86,2418,84.75,96,24
18:07:07,83,2411,86.55,96,24
18:07:17,84,2366,83.00,96,24
18:07:27,83,2431,87.15,96,24
18:07:37,82,2411,84.88,96,24
18:07:48,86,2405,83.73,96,24
18:07:58,85,2418,84.65,96,24
18:08:08,86,2424,85.10,96,24
18:08:18,82,2405,84.78,96,24
18:08:28,86,2392,87.04,96,24
18:08:38,85,2398,85.06,96,24
18:08:48,83,2424,85.23,96,24
18:08:58,85,2411,85.11,96,24
18:09:08,82,2431,84.97,96,24
18:09:18,83,2411,86.20,96,24
18:09:28,83,2418,87.06,96,24
18:09:38,86,2405,87.49,96,24
18:09:48,81,2418,87.99,96,24
18:09:58,84,2405,85.94,96,24
18:10:08,85,2411,85.65,96,24
18:10:18,85,2418,82.18,96,24
18:10:28,84,2405,86.45,96,24
18:10:38,84,2431,76.09,96,24
18:10:48,73,2437,41.19,96,24
18:10:58,73,2437,68.36,96,24
18:11:08,72,2437,40.81,97,24
18:11:19,72,2444,40.27,96,24
18:11:29,81,2431,80.03,97,24
18:11:39,83,2424,82.38,97,24
18:11:49,85,2431,85.45,96,24
18:11:59,87,2418,84.76,96,24
18:12:09,86,2418,86.44,96,24
18:12:19,85,2398,84.86,96,24
18:12:29,83,2411,84.28,96,24
18:12:39,85,2392,84.59,97,24
18:12:49,85,2392,85.93,96,24
18:12:59,86,2431,83.42,96,24
18:13:09,84,2405,85.86,96,24
18:13:19,82,2392,84.50,96,24
18:13:29,82,2418,86.70,96,24
18:13:39,84,2424,83.91,97,24
18:13:49,81,2411,83.23,96,24
18:13:59,87,2411,88.54,96,24
18:14:09,86,2418,83.12,97,24
18:14:19,86,2431,87.98,97,24
18:14:29,83,2424,86.00,96,24
18:14:39,85,2398,87.46,96,24
18:14:49,86,2424,86.01,96,24
18:14:59,85,2411,84.94,96,24
18:15:10,85,2385,86.35,96,24
18:15:20,82,2411,87.87,96,24
18:15:30,84,2418,85.63,96,24
18:15:40,83,2411,87.62,96,24
18:15:50,85,2418,86.13,96,24
18:16:00,86,2411,84.88,96,24
18:16:10,83,2418,85.67,96,24
18:16:20,83,2405,86.96,96,24
18:16:30,86,2431,86.41,96,24
18:16:40,85,2411,85.82,96,24
18:16:50,84,2424,87.75,96,24
18:17:00,85,2379,85.77,96,24
18:17:10,83,2418,83.90,97,24
18:17:20,82,2431,85.39,96,24
18:17:30,86,2411,84.99,96,24
18:17:40,86,2411,84.69,96,24
18:17:50,84,2398,85.15,96,24
18:18:00,86,2392,85.32,96,24
18:18:10,85,2424,83.82,97,24
18:18:20,86,2405,88.83,96,24
18:18:30,82,2398,82.89,96,24
18:18:40,82,2431,84.54,96,24
18:18:51,85,2405,85.23,96,24
18:19:01,82,2405,83.38,96,24
18:19:11,82,2398,87.15,96,24
18:19:21,84,2431,87.02,96,24
18:19:31,86,2359,88.25,96,24
18:19:41,85,2431,86.06,96,24
18:19:51,83,2431,86.38,96,24
18:20:01,83,2431,87.47,96,24
18:20:11,83,2431,84.94,96,24
18:20:21,83,2424,83.63,96,24
18:20:31,86,2431,87.65,96,24
18:20:41,85,2379,83.56,96,24
18:20:51,84,2405,86.71,96,24
18:21:01,86,2418,86.35,96,24
18:21:11,82,2437,77.86,96,24
18:21:21,73,2431,41.71,96,24
18:21:31,72,2431,41.09,96,24
18:21:41,71,2431,47.60,97,24
18:21:51,81,2444,80.00,96,24
18:22:01,73,2431,41.39,96,24
18:22:12,73,2431,41.52,96,24
18:22:22,73,2437,41.49,96,24
18:22:32,81,2431,76.68,97,24
18:22:42,84,2418,83.37,96,24
18:22:52,84,2431,84.30,96,24
18:23:02,84,2424,83.96,96,24
18:23:12,84,2392,87.46,97,24
18:23:22,86,2418,84.17,96,24
18:23:32,84,2411,84.73,96,24
18:23:42,82,2424,85.33,96,24
18:23:52,86,2431,88.17,97,24
18:24:02,85,2431,84.90,97,24
18:24:12,86,2405,83.96,97,24
18:24:22,83,2392,86.29,97,24
18:24:32,86,2431,86.99,97,24
18:24:42,82,2418,86.71,97,24
18:24:52,86,2431,84.07,97,24
18:25:02,86,2405,85.51,96,24
18:25:12,83,2405,86.80,96,24
18:25:22,85,2405,85.66,97,24
18:25:32,86,2424,87.13,96,24
18:25:42,83,2379,87.70,97,24
18:25:52,82,2431,85.46,97,24
18:26:02,82,2431,84.85,96,24
18:26:13,84,2405,84.04,96,24
18:26:23,86,2424,85.57,96,24
18:26:33,84,2431,84.66,96,24
18:26:43,86,2424,87.60,97,24
18:26:53,83,2424,85.99,97,24
18:27:03,82,2405,83.92,96,24
18:27:13,84,2405,84.28,96,24
18:27:23,85,2385,86.91,97,24
18:27:33,85,2392,86.24,96,24
18:27:43,86,2398,81.77,96,24
18:27:53,85,2398,84.74,97,24
18:28:03,84,2418,86.35,96,24
18:28:13,82,2398,85.18,96,24
18:28:23,82,2424,85.14,96,24
18:28:33,85,2398,85.77,96,24
18:28:43,81,2411,86.51,96,24
18:28:53,85,2431,83.55,97,24
18:29:03,84,2424,86.31,96,24
18:29:13,86,2418,88.10,96,24
18:29:23,87,2418,84.95,97,24
18:29:33,85,2418,84.38,97,24
18:29:43,85,2424,85.78,96,24
18:29:53,87,2405,86.70,96,24
18:30:04,83,2405,83.15,97,24
18:30:14,86,2366,83.24,97,24
18:30:24,84,2392,85.25,97,24
18:30:34,86,2405,85.26,97,24
18:30:44,86,2405,87.06,96,24
18:30:54,85,2418,86.88,96,24
18:31:04,85,2418,85.56,97,24
18:31:14,86,2405,86.00,96,24
18:31:24,84,2418,85.01,96,24
18:31:34,86,2418,86.23,97,24
18:31:44,82,2418,85.40,97,24
18:31:54,86,2424,84.77,97,24
18:32:04,86,2418,84.66,96,24
18:32:14,82,2398,84.75,97,24
18:32:24,82,2398,86.72,96,24
18:32:34,83,2398,85.20,96,24
18:32:44,83,2411,83.80,96,24
18:32:54,82,2398,83.54,96,24
18:33:04,83,2392,86.85,96,24
18:33:14,84,2431,85.55,97,24
18:33:24,86,2418,82.88,97,24
18:33:34,86,2418,84.22,96,24
18:33:44,86,2411,87.30,96,24
18:33:55,82,2411,85.22,97,24
18:34:05,82,2418,85.70,96,24
18:34:15,85,2405,86.25,97,24
18:34:25,83,2398,85.69,97,24
18:34:35,83,2372,83.12,96,24
18:34:45,83,2411,84.65,97,24
18:34:55,86,2398,86.04,97,24
18:35:05,84,2424,85.69,96,24
18:35:15,83,2431,83.60,96,24
18:35:25,82,2431,83.96,97,24
18:35:35,81,2424,87.66,96,24
18:35:45,85,2392,82.21,96,24
18:35:55,86,2431,85.61,97,24
18:36:05,85,2424,85.00,96,24
18:36:15,83,2411,83.64,96,24
18:36:25,82,2398,86.57,97,24
18:36:35,83,2405,87.46,96,24
18:36:45,82,2398,85.34,96,24
18:36:55,85,2431,86.36,97,24
18:37:05,86,2405,86.32,97,24
18:37:15,80,2424,81.35,97,24
18:37:25,75,2431,42.68,97,24
18:37:36,73,2424,42.19,97,24
18:37:46,73,2424,41.19,97,24
18:37:56,73,2424,41.32,97,24
18:38:06,75,2431,66.53,97,24
18:38:16,81,2431,70.60,97,24
18:38:26,76,2424,42.12,97,24
18:38:36,75,2424,41.93,97,24
18:38:46,75,2424,41.90,97,24
18:38:56,75,2431,41.87,96,24
18:39:06,82,2431,77.64,97,24
18:39:16,86,2385,80.67,96,24
18:39:26,83,2411,83.08,97,24
18:39:36,83,2418,85.92,97,24
18:39:46,84,2398,82.67,96,24
18:39:56,84,2398,86.81,97,24
18:40:07,84,2411,86.46,96,24
18:40:17,84,2418,84.21,97,24
18:40:27,86,2359,84.32,97,24
18:40:37,83,2418,87.69,96,24
18:40:47,83,2418,85.95,96,24
18:40:57,83,2398,87.73,97,24
18:41:07,82,2424,85.60,97,24
18:41:17,86,2411,86.14,96,24
18:41:27,84,2418,84.53,97,24
18:41:37,85,2424,85.22,97,24
18:41:47,84,2424,86.78,97,24
18:41:57,86,2405,84.56,97,24
18:42:07,82,2359,85.79,96,24
18:42:17,82,2418,87.32,97,24
18:42:27,83,2431,84.68,97,24
18:42:37,83,2431,84.72,97,24
18:42:47,83,2424,84.53,96,24
18:42:57,86,2385,87.09,97,24
18:43:07,82,2418,84.80,97,24
18:43:17,86,2418,81.97,97,24
18:43:27,82,2424,86.43,96,24
18:43:37,81,2385,86.85,97,24
18:43:47,82,2418,85.36,96,24
18:43:58,86,2431,85.94,97,24
18:44:08,85,2405,88.01,97,24
18:44:18,83,2411,83.81,96,24
18:44:28,83,2405,86.76,96,24
18:44:38,85,2372,85.68,97,24
18:44:48,82,2398,88.94,96,24
18:44:58,85,2431,84.50,96,24
18:45:08,83,2431,88.37,97,24
18:45:18,83,2411,86.99,97,24
18:45:28,86,2405,88.41,96,24
18:45:38,84,2431,84.89,96,24
18:45:48,86,2418,86.12,97,24
18:45:58,83,2411,85.93,96,24
18:46:08,83,2431,85.12,97,24
18:46:18,83,2405,85.91,97,24
18:46:28,82,2411,85.67,97,24
18:46:38,84,2411,88.16,97,24
18:46:48,82,2405,86.77,97,24
18:46:58,82,2379,84.42,97,24
18:47:08,82,2405,87.79,97,24
18:47:18,83,2431,82.90,97,24
18:47:28,81,2424,87.72,96,24
18:47:39,82,2431,88.99,97,24
18:47:49,82,2411,87.67,97,24
18:47:59,85,2418,84.62,96,24
18:48:09,82,2418,87.40,96,24
18:48:19,86,2405,87.86,97,24
18:48:29,83,2405,88.74,97,24
18:48:39,82,2431,87.11,97,24
18:48:49,86,2405,86.76,97,24
18:48:59,83,2418,85.34,96,24
18:49:09,83,2431,84.13,96,24
18:49:19,85,2385,86.22,97,24
18:49:29,83,2424,87.97,97,24
18:49:39,84,2392,89.22,96,24
18:49:49,83,2418,85.34,97,24
18:49:59,85,2424,84.21,96,24
18:50:09,83,2431,85.22,97,24
18:50:19,81,2424,88.11,97,24
18:50:29,83,2411,83.51,97,24
18:50:39,85,2418,86.79,97,24
18:50:49,82,2398,84.03,97,24
18:50:59,84,2431,85.94,97,24
18:51:09,82,2424,85.76,96,24
18:51:19,86,2424,85.89,97,24
18:51:29,83,2411,89.35,97,24
18:51:40,84,2398,83.88,97,24
18:51:50,85,2424,87.80,96,24
18:52:00,85,2424,86.38,97,24
18:52:10,86,2418,87.08,96,24
18:52:20,83,2431,85.89,96,24
18:52:30,83,2424,85.34,97,24
18:52:40,83,2424,89.70,96,24
18:52:50,82,2431,84.07,97,24
18:53:00,81,2398,83.75,96,24
18:53:10,82,2431,84.34,97,24
18:53:20,84,2385,86.36,97,24
18:53:30,86,2431,88.86,97,24
18:53:40,82,2418,82.96,97,24
18:53:50,84,2418,89.34,97,24
18:54:00,82,2431,86.11,96,24
18:54:10,86,2418,87.02,97,24
18:54:20,83,2424,88.04,96,24
18:54:30,85,2418,83.90,97,24
18:54:40,83,2431,83.12,96,24
18:54:50,84,2431,86.46,96,24
18:55:00,84,2418,87.24,97,24
18:55:10,83,2411,85.95,97,24
18:55:20,86,2424,85.43,97,24
18:55:30,84,2424,88.70,96,24
18:55:40,86,2392,85.61,97,24
18:55:51,81,2424,84.37,96,24
18:56:01,83,2411,87.65,97,24
18:56:11,85,2398,86.15,97,24
18:56:21,86,2431,83.49,97,24
18:56:31,84,2424,85.58,96,24
18:56:41,83,2418,89.28,96,24
18:56:51,86,2411,86.70,97,24
18:57:01,84,2418,88.41,96,24
18:57:11,85,2418,86.96,97,24
18:57:21,83,2398,86.90,96,24
18:57:31,86,2411,90.11,96,24
18:57:41,86,2411,85.79,97,24
18:57:51,86,2398,87.17,96,24
18:58:01,84,2411,87.35,97,24
18:58:11,85,2424,83.86,96,24
18:58:21,84,2431,87.44,96,24
18:58:31,82,2398,87.26,96,24
18:58:41,81,2431,82.31,97,24
18:58:51,73,2431,41.77,97,24
18:59:01,72,2431,40.93,97,24
18:59:11,71,2431,40.90,97,24
18:59:22,71,2431,40.73,96,24
18:59:32,72,2431,53.54,97,24
18:59:42,80,2437,61.56,97,24
18:59:52,83,2437,80.90,97,24
19:00:02,81,2431,62.70,96,24
19:00:12,74,2431,42.14,97,24
19:00:22,73,2431,41.82,97,24
19:00:32,72,2431,41.69,96,24
19:00:42,71,2424,38.82,97,24
19:00:52,71,2437,40.48,97,24
19:01:02,79,2437,76.61,96,24
19:01:12,81,2431,84.48,97,24
19:01:22,82,2405,85.57,97,24
19:01:32,84,2431,85.85,97,24
19:01:42,81,2398,82.97,97,24
19:01:53,86,2418,88.52,97,24
19:02:03,85,2431,85.33,97,24
19:02:13,84,2418,85.40,97,24
19:02:23,84,2418,86.59,97,24
19:02:33,86,2411,85.29,97,24
19:02:43,85,2431,88.62,97,24
19:02:53,82,2405,87.39,96,24
19:03:03,83,2418,87.66,97,24
19:03:13,82,2372,82.36,97,24
19:03:23,83,2418,87.16,97,24
19:03:33,85,2424,88.15,97,24
19:03:43,84,2418,85.81,97,24
19:03:53,82,2424,84.46,97,24
19:04:03,82,2431,85.58,97,24
19:04:13,85,2398,87.99,97,24
19:04:23,82,2431,83.38,97,24
19:04:33,82,2424,87.99,97,24
19:04:43,81,2424,86.29,97,24
19:04:53,81,2411,85.56,97,24
19:05:03,83,2418,86.25,97,24
19:05:13,84,2424,87.82,97,24
19:05:23,86,2385,84.92,97,24
19:05:33,86,2431,84.89,97,24
19:05:44,82,2405,85.06,97,24
19:05:54,84,2418,87.24,97,24
19:06:04,81,2398,85.99,97,24
19:06:14,83,2424,86.21,97,24
19:06:24,85,2398,87.51,97,24
19:06:34,83,2431,84.49,97,24
19:06:44,84,2405,86.90,97,24
19:06:54,86,2424,86.35,97,24
19:07:04,85,2405,88.03,97,24
19:07:14,86,2411,86.82,97,24
19:07:24,84,2431,83.68,97,24
19:07:34,83,2398,86.31,97,24
19:07:44,84,2418,87.17,97,24
19:07:54,83,2431,87.67,97,24
19:08:04,84,2431,83.18,97,24
19:08:14,85,2411,85.03,97,24
19:08:24,82,2398,84.61,97,24
19:08:34,82,2411,86.49,97,24
19:08:44,84,2418,87.33,97,24
19:08:54,85,2405,86.24,97,24
19:09:04,84,2418,87.28,97,24
19:09:14,82,2424,83.77,97,24
19:09:24,86,2398,86.63,97,24
19:09:34,85,2411,86.39,97,24
19:09:44,85,2398,87.21,97,24
19:09:55,81,2418,85.65,97,24
19:10:05,83,2411,86.55,97,24
19:10:15,84,2398,88.04,97,24
19:10:25,82,2431,81.86,97,24
19:10:35,82,2424,86.46,97,24
19:10:45,85,2398,86.66,97,24
19:10:55,84,2431,88.83,97,24
19:11:05,85,2418,83.42,97,24
19:11:15,82,2405,87.52,97,24
19:11:25,87,2405,86.33,97,24
19:11:35,86,2418,86.43,97,24
19:11:45,82,2424,85.72,97,24
19:11:55,86,2418,87.29,97,24
19:12:05,83,2411,88.63,97,24
19:12:15,83,2431,83.64,97,24
19:12:25,85,2411,85.39,97,24
19:12:35,85,2398,85.74,97,24
19:12:45,83,2424,84.93,97,24
19:12:55,83,2431,85.70,97,24
19:13:05,86,2372,81.18,97,24
19:13:15,83,2405,84.65,97,24
19:13:25,85,2411,87.05,96,24
19:13:35,86,2398,83.39,97,24
19:13:46,82,2431,84.10,97,24
19:13:56,85,2411,89.32,97,24
19:14:06,85,2379,82.63,97,24
19:14:16,86,2411,86.12,97,24
19:14:26,86,2424,86.24,97,24
19:14:36,83,2431,88.24,96,24
19:14:46,84,2418,86.34,97,24
19:14:56,82,2411,85.88,97,24
19:15:06,86,2431,87.31,97,24
19:15:16,85,2431,84.78,97,24
19:15:26,82,2398,87.11,97,24
19:15:36,86,2431,87.93,97,24
19:15:46,81,2424,87.29,97,24
19:15:56,82,2431,85.82,97,24
19:16:06,86,2431,84.21,97,24
19:16:16,85,2431,84.87,97,24
19:16:26,83,2431,89.31,97,24
19:16:36,86,2424,84.92,97,24
19:16:46,84,2398,85.11,97,24
19:16:56,83,2431,85.93,97,24
19:17:06,86,2411,86.60,97,24
19:17:16,84,2405,87.20,97,24
19:17:26,83,2411,83.79,97,24
19:17:36,83,2418,88.88,97,24
19:17:47,84,2398,84.24,97,24
19:17:57,82,2411,83.40,97,24
19:18:07,82,2418,83.80,97,24
19:18:17,83,2398,86.36,97,24
19:18:27,83,2431,86.87,97,24
19:18:37,85,2405,86.32,97,24
19:18:47,83,2398,86.00,97,24
19:18:57,83,2392,85.49,97,24
19:19:07,86,2411,86.25,97,24
19:19:17,83,2424,88.99,97,24
19:19:27,82,2431,85.10,97,24
19:19:37,83,2411,83.00,97,24
19:19:47,85,2405,85.38,97,24
19:19:57,83,2431,86.56,97,24
19:20:07,86,2418,89.20,97,24
19:20:17,81,2411,83.65,97,24
19:20:27,85,2431,85.35,97,24
19:20:37,83,2418,86.88,97,24
19:20:47,85,2411,84.36,97,24
19:20:57,83,2418,84.13,97,24
19:21:07,86,2418,81.10,96,24
19:21:17,84,2437,73.77,97,24
19:21:27,81,2431,75.95,97,24
19:21:38,85,2437,82.78,97,24
19:21:48,81,2437,78.35,97,24
19:21:58,80,2424,77.36,97,24
19:22:08,85,2437,81.58,97,24
19:22:18,85,2431,74.89,97,24
19:22:28,83,2437,72.19,97,24
19:22:38,80,2437,78.66,97,24
19:22:48,83,2437,78.70,97,24
19:22:58,83,2437,73.44,97,24
19:23:08,78,2437,77.87,97,24
19:23:18,85,2431,75.77,97,24
19:23:28,82,2431,78.36,97,24
19:23:38,79,2444,78.71,97,24
19:23:48,79,2437,80.87,97,24
19:23:58,84,2437,76.02,97,24
19:24:08,80,2437,74.54,97,24
19:24:18,80,2437,76.64,97,24
19:24:28,80,2437,76.91,97,24
19:24:38,82,2431,81.79,97,24
19:24:48,79,2437,76.76,97,24
19:24:58,84,2424,78.65,97,24
19:25:08,79,2437,79.50,97,24
19:25:18,85,2418,87.62,97,24
19:25:29,85,2431,86.65,97,24
19:25:39,82,2431,83.11,97,24
19:25:49,86,2431,86.03,97,24
19:25:59,81,2437,85.00,97,24
19:26:09,85,2431,83.62,97,24
19:26:19,86,2431,83.46,97,24
19:26:29,86,2431,85.62,97,24
19:26:39,83,2431,81.41,97,24
19:26:49,85,2424,87.64,97,24
19:26:59,84,2437,74.44,97,24
19:27:09,84,2431,75.53,97,24
19:27:19,77,2418,79.76,97,24
19:27:29,84,2431,84.77,97,24
19:27:39,73,2437,42.62,97,24
19:27:49,72,2437,41.74,97,24
19:27:59,71,2437,41.53,97,24
19:28:09,72,2431,42.02,97,24
19:28:20,72,2431,41.99,97,24
19:28:30,72,2431,41.17,97,24
19:28:40,72,2450,40.81,97,24
19:28:50,65,234,6.31,5,115
19:29:00,62,240,6.05,4,117
19:29:10,60,208,5.89,4,117
19:29:20,58,208,5.76,4,117
19:29:30,57,240,5.69,5,116
19:29:40,56,208,5.73,6,115
19:29:50,57,2405,14.08,25,96
19:30:00,57,2405,14.01,25,96
19:30:10,57,2405,14.24,25,96
19:30:20,57,2405,13.99,25,96
19:30:30,57,2405,13.96,25,96
19:30:40,57,2405,13.97,25,96
19:30:50,56,2405,13.88,25,96
19:31:00,56,2405,13.95,25,96
19:31:10,56,2405,13.89,25,96
19:31:20,56,2405,13.76,24,96
19:31:30,55,2405,13.76,25,96
19:31:40,56,2405,13.47,25,96
19:31:50,57,2405,16.05,26,95
19:32:00,58,2405,16.71,26,95
19:32:10,57,2431,17.86,26,95
19:32:21,56,2444,16.65,26,95
19:32:31,58,2405,13.71,88,32
19:32:41,57,2405,13.56,87,34
19:32:51,56,2411,14.12,87,34
19:33:01,56,2405,13.41,88,33
19:33:11,56,2424,20.41,89,31
19:33:21,58,2463,23.14,88,33
19:33:31,57,2405,13.51,88,32
19:33:41,55,2405,15.94,88,32
19:33:51,62,2496,39.98,88,32
19:34:01,63,2496,40.30,88,32
19:34:11,64,2476,41.04,88,32
19:34:21,65,2476,40.75,88,32
19:34:31,66,2483,41.00,88,32
19:34:41,67,2483,41.18,88,32
19:34:51,68,2483,41.29,88,32
19:35:01,68,2476,41.49,88,32
19:35:11,68,2476,41.61,88,32
19:35:21,69,2476,41.78,88,32
19:35:32,69,2476,41.74,88,32
19:35:42,70,2483,41.86,88,32
19:35:52,70,2483,42.01,88,32
19:36:02,70,2483,42.11,88,32
19:36:12,70,2483,42.14,88,32
19:36:22,71,2483,42.20,88,32
19:36:32,71,2483,42.27,88,32
19:36:42,71,2483,42.39,88,32
19:36:52,71,2483,42.45,88,32
19:37:02,71,2483,42.31,88,32
19:37:12,72,2483,42.47,88,32
19:37:22,72,2483,42.62,89,32
19:37:32,72,2463,42.18,88,32
19:37:42,73,2463,42.73,89,32
19:37:52,73,2463,42.82,88,32
19:38:02,73,2463,42.89,88,32
19:38:12,73,2463,42.81,88,32
19:38:23,73,2463,42.82,88,32
19:38:33,73,2463,42.83,88,32
19:38:43,73,2463,42.95,88,32
19:38:53,73,2463,42.94,88,32
19:39:03,73,2463,42.96,88,32
19:39:13,73,2463,42.98,88,32
19:39:23,74,2463,43.03,88,32
19:39:33,74,2463,48.30,88,32
19:39:43,74,2463,41.96,88,32
19:39:53,73,2463,41.94,88,32
19:40:03,73,2463,41.94,88,32
19:40:13,73,2463,41.88,88,32
19:40:23,69,2392,22.07,88,32
19:40:33,73,2463,41.40,88,32
19:40:43,70,2463,39.78,88,32
19:40:53,74,2463,43.01,88,32
19:41:03,75,2463,43.36,88,32
19:41:14,71,2463,35.62,88,32
19:41:24,76,2463,44.90,88,32
19:41:34,76,2444,70.57,88,32
19:41:44,77,2463,45.46,88,32
19:41:54,76,2463,44.95,88,32
19:42:04,81,2424,75.09,88,32
19:42:14,78,2463,47.02,88,32
19:42:24,76,2463,46.67,88,32
19:42:34,76,2450,48.28,88,32
19:42:44,77,2463,46.61,88,32
19:42:54,75,2463,46.46,88,32
19:43:04,75,2463,46.15,88,32
19:43:14,80,2431,75.01,88,32
19:43:24,80,2431,74.81,88,32
19:43:34,76,2457,48.08,88,32
19:43:44,76,2463,48.05,88,32
19:43:55,81,2431,73.97,88,32
19:44:05,80,2437,60.08,88,32
19:44:15,81,2450,64.64,88,32
19:44:25,82,2431,64.79,88,32
19:44:35,76,2457,47.73,88,32
19:44:45,75,2457,47.46,88,32
19:44:55,74,2463,46.04,88,32
19:45:05,81,2431,74.78,88,32
19:45:15,74,2463,41.63,88,32
19:45:25,73,2463,41.28,88,32
19:45:35,72,2463,41.13,88,32
19:45:45,72,2463,42.72,88,32
19:45:55,72,2463,42.53,88,32
19:46:05,72,2463,43.23,88,32
19:46:15,72,2457,42.69,88,32
19:46:26,71,2476,42.61,88,32
19:46:36,78,2444,72.33,88,32
19:46:46,72,2476,44.16,88,32
19:46:56,72,2476,44.09,88,32
19:47:06,71,2476,44.14,88,32
19:47:16,73,2450,59.81,88,32
19:47:26,72,2457,44.18,88,32
19:47:36,72,2476,44.16,88,32
19:47:46,71,2476,43.61,88,32
19:47:56,76,2444,75.87,88,32
19:48:06,72,2457,45.79,88,32
19:48:16,72,2457,45.77,88,32
19:48:26,72,2457,45.82,88,32
19:48:36,72,2463,45.76,88,32
19:48:46,72,2457,46.01,88,32
19:48:56,72,2444,54.56,88,32
19:49:07,73,2457,45.94,88,32
19:49:17,72,2457,45.79,88,32
19:49:27,72,2457,45.73,88,32
19:49:37,72,2457,45.44,88,32
19:49:47,71,2457,44.03,88,32
19:49:57,80,2444,76.60,88,32
19:50:07,74,2457,47.70,88,32
19:50:17,73,2457,47.62,88,32
19:50:27,73,2457,47.44,88,32
19:50:37,73,2457,47.42,88,32
19:50:47,73,2457,47.29,88,32
19:50:57,72,2457,47.35,88,32
19:51:07,73,2457,54.50,88,32
19:51:17,75,2450,58.79,88,32
19:51:28,73,2457,48.87,88,32
19:51:38,79,2444,67.81,88,32
19:51:48,73,2457,47.13,88,32
19:51:58,73,2457,46.96,88,32
19:52:08,72,2457,46.93,88,32
19:52:18,72,2457,46.99,88,32
19:52:28,72,2457,46.54,88,32
19:52:38,72,2457,45.67,88,32
19:52:48,77,2450,74.49,88,32
19:52:58,77,2444,74.82,88,32
19:53:08,81,2444,74.81,88,32
19:53:18,79,2444,71.08,88,32
19:53:28,75,2450,62.87,88,32
19:53:38,83,2424,80.45,88,32
19:53:48,74,2463,40.06,88,32
19:53:58,82,2424,79.36,88,32
19:54:09,82,2424,78.33,88,32
19:54:19,83,2431,77.39,88,32
19:54:29,83,2424,78.00,88,32
19:54:39,83,2418,77.57,88,32
19:54:49,82,2424,77.65,88,32
19:54:59,83,2424,77.65,88,32
19:55:09,83,2424,77.87,88,32
19:55:19,82,2424,79.85,88,32
19:55:29,84,2431,75.45,88,32
19:55:39,80,2424,80.07,88,32
19:55:49,81,2424,77.39,88,32
19:55:59,84,2431,78.39,88,32
19:56:09,82,2424,76.03,88,32
19:56:19,83,2431,79.46,88,32
19:56:29,82,2431,75.87,88,32
19:56:39,83,2424,77.56,88,32
19:56:49,83,2392,77.33,88,32
19:56:59,82,2372,74.92,88,32
19:57:09,85,2424,78.86,88,32
19:57:19,83,2424,79.88,88,32
19:57:29,83,2424,77.66,88,32
19:57:39,87,2424,76.28,88,32
19:57:50,81,2424,77.71,88,32
19:58:00,84,2424,73.48,88,32
19:58:10,82,2424,79.42,89,32
19:58:20,84,2424,79.93,88,32
19:58:30,83,2437,75.87,88,32
19:58:40,86,2437,79.67,88,32
19:58:50,81,2424,76.39,88,32
19:59:00,85,2431,77.29,88,32
19:59:10,81,2424,77.83,88,32
19:59:20,80,2424,78.63,88,32
19:59:30,85,2424,77.95,88,32
19:59:40,78,2424,56.53,88,32
19:59:50,72,2457,41.18,88,32
20:00:00,78,2450,70.48,88,32
20:00:10,73,2463,52.10,88,32
20:00:20,80,2450,63.14,88,32
20:00:30,80,2463,55.42,88,32
20:00:40,77,2431,58.78,89,32
20:00:50,82,2431,63.86,88,32
20:01:00,81,2431,64.62,88,32
20:01:11,76,2457,46.31,88,32
20:01:21,81,2444,75.10,88,32
20:01:31,82,2431,75.29,88,32
20:01:41,77,2457,48.46,88,32
20:01:51,76,2457,56.97,88,32
20:02:01,77,2431,65.14,88,32
20:02:11,81,2431,70.18,88,32
20:02:21,77,2457,48.03,88,32
20:02:31,76,2457,47.35,88,32
20:02:41,82,2424,75.47,88,32
20:02:51,83,2405,80.88,88,32
20:03:01,82,2424,77.18,88,32
20:03:11,77,2457,50.26,88,32
20:03:21,82,2372,75.25,88,32
20:03:31,76,2463,42.74,88,32
20:03:41,81,2424,80.42,88,32
20:03:51,85,2424,76.78,88,32
20:04:01,76,2463,43.08,88,32
20:04:12,79,2418,81.03,88,32
20:04:22,82,2424,79.09,89,32
20:04:32,76,2463,43.23,88,32
20:04:42,82,2411,80.45,89,32
20:04:52,84,2424,75.55,88,32
20:05:02,81,2424,76.55,88,32
20:05:12,84,2359,78.34,88,32
20:05:22,81,2340,76.62,88,32
20:05:32,81,2437,73.95,88,32
20:05:42,86,2424,82.24,88,32
20:05:52,86,2424,75.56,88,32
20:06:02,82,2424,78.99,88,32
20:06:12,83,2424,79.47,88,32
20:06:22,76,2463,44.52,88,32
20:06:32,83,2431,78.98,89,32
20:06:42,84,2424,81.65,88,32
20:06:52,82,2359,77.12,88,32
20:07:02,87,2398,76.32,88,32
20:07:12,82,2424,77.75,88,32
20:07:22,85,2418,79.55,88,32
20:07:32,87,2418,79.26,88,32
20:07:42,81,2385,79.33,88,32
20:07:53,86,2366,73.99,89,32
20:08:03,83,2392,76.33,88,32
20:08:13,82,2431,77.84,88,32
20:08:23,76,2431,64.68,88,32
20:08:33,82,2424,81.84,88,32
20:08:43,85,2424,78.72,88,32
20:08:53,84,2424,79.14,88,32
20:09:03,83,2411,78.28,89,32
20:09:13,86,2320,80.71,88,32
20:09:23,81,2424,78.12,89,32
20:09:33,85,2431,78.10,88,32
20:09:43,83,2424,79.61,88,32
20:09:53,75,2457,45.30,88,32
20:10:03,80,2444,78.16,88,32
20:10:13,80,2418,80.08,88,32
20:10:23,81,2203,78.18,88,32
20:10:33,76,2463,49.40,89,32
20:10:43,79,2405,78.32,88,32
20:10:53,83,2359,79.45,88,32
20:11:03,82,2392,78.74,88,32
20:11:13,81,2424,79.43,88,32
20:11:24,86,2327,79.58,88,32
20:11:34,79,2223,76.69,88,32
20:11:44,70,2463,27.48,88,32
20:11:54,81,2431,83.68,88,32
20:12:04,80,2366,81.57,88,32
20:12:14,85,2405,80.66,88,32
20:12:24,82,2424,79.19,88,32
20:12:34,82,2301,78.40,88,32
20:12:44,75,2463,43.40,88,32
20:12:54,84,2431,81.12,88,32
20:13:04,86,2424,76.14,88,32
20:13:14,79,2307,78.79,88,32
20:13:24,82,2405,75.18,88,32
20:13:34,82,2431,78.29,89,32
20:13:44,82,2203,71.34,88,32
20:13:54,80,2431,78.33,89,32
20:14:04,84,2405,78.52,88,32
20:14:14,82,2275,76.39,88,32
20:14:24,87,2164,72.39,88,32
20:14:34,82,2372,80.06,88,32
20:14:44,85,2411,80.42,88,32
20:14:54,83,2385,81.45,88,32
20:15:04,80,2405,79.63,89,32
20:15:15,83,2392,84.12,89,32
20:15:25,81,2437,79.44,88,32
20:15:35,81,2411,76.20,88,32
20:15:45,86,2223,79.76,88,32
20:15:55,80,2444,78.32,88,32
20:16:05,81,2431,80.72,88,32
20:16:15,87,2268,77.71,88,32
20:16:25,87,2424,76.60,89,32
20:16:35,79,2249,74.32,88,32
20:16:45,87,2164,72.12,88,32
20:16:55,82,2236,77.51,88,32
20:17:05,80,2314,71.71,88,32
20:17:15,87,2249,76.56,88,32
20:17:25,79,2431,76.21,88,32
20:17:35,80,2184,76.59,88,32
20:17:45,81,2405,79.17,88,32
20:17:55,73,2463,42.31,88,32
20:18:05,72,2463,42.46,88,32
20:18:15,71,2483,42.39,88,32
20:18:25,71,2483,43.56,88,32
20:18:35,74,2457,52.86,88,32
20:18:46,79,2444,72.82,89,32
20:18:56,81,2431,74.41,88,32
20:19:06,83,2431,73.95,88,32
20:19:16,83,2431,74.14,88,32
20:19:26,82,2431,73.46,88,32
20:19:36,78,2457,50.55,89,32
20:19:46,77,2463,50.62,88,32
20:19:56,80,2437,65.94,88,32
20:20:06,77,2457,55.00,88,32
20:20:16,82,2437,73.33,88,32
20:20:26,82,2431,72.73,88,32
20:20:36,82,2431,73.47,88,32
20:20:46,83,2431,68.94,88,32
20:20:56,78,2431,62.28,88,32
20:21:06,77,2457,50.62,88,32
20:21:17,76,2457,50.16,88,32
20:21:27,76,2457,48.96,88,32
20:21:37,74,2463,43.67,88,32
20:21:47,80,2437,74.20,88,32
20:21:57,81,2431,74.27,89,32
20:22:07,81,2431,74.24,89,32
20:22:17,83,2431,73.72,88,32
20:22:27,83,2431,73.09,88,32
20:22:37,82,2431,72.69,88,32
20:22:47,79,2457,53.06,88,32
20:22:57,78,2457,53.15,88,32
20:23:07,77,2457,52.85,88,32
20:23:17,78,2457,58.14,88,32
20:23:27,78,2457,58.62,88,32
20:23:38,81,2431,72.37,88,32
20:23:48,83,2431,72.02,88,32
20:23:58,83,2431,72.36,88,32
20:24:08,81,2431,72.42,88,32
20:24:18,83,2431,68.28,88,32
20:24:28,83,2431,72.50,88,32
20:24:38,81,2431,70.33,89,32
20:24:48,79,2457,53.21,88,32
20:24:58,78,2457,52.88,88,32
20:25:08,78,2457,52.75,89,32
20:25:18,77,2463,50.86,88,32
20:25:28,76,2457,47.44,88,32
20:25:38,81,2431,74.74,88,32
20:25:48,81,2424,75.17,88,32
20:25:58,82,2431,74.45,88,32
20:26:09,84,2431,74.09,88,32
20:26:19,82,2431,73.98,89,32
20:26:29,84,2431,73.23,89,32
20:26:39,84,2431,73.12,88,32
20:26:49,84,2431,72.67,88,32
20:26:59,84,2431,72.92,89,32
20:27:09,80,2457,55.01,89,32
20:27:19,79,2457,54.57,89,32
20:27:29,79,2457,54.42,88,32
20:27:39,79,2437,66.28,88,32
20:27:49,82,2431,71.50,88,32
20:27:59,82,2431,71.38,89,32
20:28:09,83,2431,71.34,89,32
20:28:19,82,2431,71.90,88,32
20:28:29,83,2431,71.76,89,32
20:28:39,84,2431,72.86,88,32
20:28:49,84,2431,72.04,88,32
20:29:00,85,2431,72.61,88,32
20:29:10,84,2431,72.07,89,32
20:29:20,83,2431,72.30,88,32
20:29:30,83,2431,71.41,88,32
20:29:40,80,2457,54.76,88,32
20:29:50,79,2457,54.50,89,32
20:30:00,78,2457,53.68,88,32
20:30:10,78,2457,52.54,88,32
20:30:20,77,2457,48.83,88,32
20:30:30,81,2444,73.95,88,32
20:30:40,82,2431,75.23,88,32
20:30:50,84,2424,75.11,88,32
20:31:00,84,2431,75.04,89,32
20:31:10,84,2431,74.31,88,32
20:31:20,84,2431,73.61,88,32
20:31:30,83,2431,73.16,88,32
20:31:40,83,2431,72.08,88,32
20:31:51,84,2431,72.21,89,32
20:32:01,83,2431,72.20,88,32
20:32:11,83,2431,72.20,88,32
20:32:21,84,2431,71.13,88,32
20:32:31,80,2457,55.22,89,32
20:32:41,80,2457,61.16,88,32
20:32:51,80,2431,60.72,89,32
20:33:01,80,2457,54.97,89,32
20:33:11,83,2437,67.16,88,32
20:33:21,83,2457,62.99,88,32
20:33:31,84,2431,70.54,89,32
20:33:41,83,2431,71.40,88,32
20:33:51,84,2431,71.11,88,32
20:34:01,83,2431,71.16,88,32
20:34:11,85,2431,72.18,88,32
20:34:21,84,2431,71.12,88,32
20:34:32,85,2431,71.78,88,32
20:34:42,84,2431,71.49,88,32
20:34:52,83,2431,70.93,89,32
20:35:02,84,2431,62.07,88,32
20:35:12,81,2437,58.81,88,32
20:35:22,81,2457,55.19,88,32
20:35:32,80,2457,56.03,88,32
20:35:42,79,2457,55.24,89,32
20:35:52,79,2457,54.02,89,32
20:36:02,78,2457,52.05,88,32
20:36:12,77,2457,48.76,89,32
20:36:22,81,2431,75.39,88,32
20:36:32,82,2457,61.39,89,32
20:36:42,83,2424,77.52,89,32
20:36:52,83,2424,77.22,88,32
20:37:03,79,2457,51.28,89,32
20:37:13,78,2457,51.06,89,32
20:37:23,77,2457,51.05,88,32
20:37:33,77,2457,51.03,89,32
20:37:43,77,2457,51.02,89,32
20:37:53,77,2457,50.68,88,32
20:38:03,77,2457,50.23,89,32
20:38:13,77,2437,59.56,89,32
20:38:23,81,2444,60.13,88,32
20:38:33,82,2431,68.04,88,32
20:38:43,77,2457,50.84,88,32
20:38:53,82,2457,60.15,89,32
20:39:03,79,2457,57.43,88,32
20:39:14,77,2457,50.83,89,32
20:39:24,77,2457,50.68,88,32
20:39:34,76,2457,50.64,89,32
20:39:44,76,2457,50.54,88,32
20:39:54,76,2457,50.54,88,32
20:40:04,75,2457,50.22,88,32
20:40:14,75,2457,50.16,89,32
20:40:24,75,2457,49.75,88,32
20:40:34,75,2457,48.50,88,32
20:40:44,74,2463,46.29,88,32
20:40:54,81,2444,76.60,89,32
20:41:04,82,2431,76.15,89,32
20:41:14,82,2424,75.71,88,32
20:41:25,82,2424,74.95,88,32
20:41:35,78,2457,53.77,88,32
20:41:45,78,2457,53.46,88,32
20:41:55,77,2457,53.12,88,32
20:42:05,76,2457,52.94,89,32
20:42:15,76,2457,52.93,89,32
20:42:25,76,2457,52.90,88,32
20:42:35,76,2457,53.02,88,32
20:42:45,76,2457,52.90,88,32
20:42:55,76,2457,52.80,89,32
20:43:05,76,2457,53.49,88,32
20:43:15,81,2437,62.07,89,32
20:43:26,77,2437,62.14,88,32
20:43:36,82,2444,70.25,89,32
20:43:46,78,2457,60.56,89,32
20:43:56,78,2457,53.25,88,32
20:44:06,79,2431,61.98,89,32
20:44:16,78,2457,61.33,89,32
20:44:26,77,2457,52.96,88,32
20:44:36,77,2457,52.76,89,32
20:44:46,77,2457,52.78,88,32
20:44:56,76,2457,52.78,88,32
20:45:06,76,2457,52.56,88,32
20:45:16,76,2457,52.70,89,32
20:45:26,76,2457,52.55,89,32
20:45:37,76,2457,52.23,88,32
20:45:47,76,2457,51.05,88,32
20:45:57,75,2457,48.93,88,32
20:46:07,74,2457,46.37,89,32
20:46:17,78,2444,76.70,88,32
20:46:27,80,2431,76.71,88,32
20:46:37,82,2431,75.39,88,32
20:46:47,82,2431,74.77,89,32
20:46:57,84,2431,75.10,89,32
20:47:07,79,2457,55.55,89,32
20:47:17,78,2457,55.04,89,32
20:47:27,78,2457,54.75,88,32
20:47:37,77,2457,54.68,89,32
20:47:48,77,2457,54.55,89,32
20:47:58,77,2457,54.65,89,32
20:48:08,77,2457,54.48,88,32
20:48:18,77,2457,54.40,88,32
20:48:28,76,2457,54.35,88,32
20:48:38,76,2457,54.39,89,32
20:48:48,77,2457,55.76,89,32
20:48:58,80,2450,66.60,89,32
20:49:08,81,2437,66.45,89,32
20:49:18,78,2457,58.09,89,32
20:49:28,78,2457,62.98,88,32
20:49:38,82,2431,71.48,89,32
20:49:48,81,2437,70.38,88,32
20:49:58,78,2457,58.79,89,32
20:50:09,80,2424,66.15,88,32
20:50:19,82,2431,71.58,88,32
20:50:29,81,2424,65.49,88,32
20:50:39,79,2457,54.97,89,32
20:50:49,78,2457,54.82,88,32
20:50:59,77,2457,54.55,88,32
20:51:09,77,2457,54.53,88,32
20:51:19,77,2457,54.58,89,32
20:51:29,77,2457,54.48,89,32
20:51:39,77,2457,54.48,89,32
20:51:49,77,2457,54.26,88,32
20:51:59,76,2457,54.27,88,32
20:52:10,76,2457,53.40,89,32
20:52:20,76,2457,52.53,89,32
20:52:30,75,2457,50.20,88,32
20:52:40,75,2457,47.69,88,32
20:52:50,80,2437,76.68,89,32
20:53:00,80,2431,76.46,89,32
20:53:10,85,2431,76.06,89,32
20:53:20,83,2431,74.81,88,32
20:53:30,82,2431,74.06,88,32
20:53:40,82,2431,74.73,88,32
20:53:50,84,2431,73.95,89,32
20:54:00,79,2457,56.09,89,32
20:54:10,78,2457,55.98,89,32
20:54:20,78,2457,55.69,89,32
20:54:31,78,2457,55.62,88,32
20:54:41,78,2457,55.51,88,32
20:54:51,77,2457,55.38,88,32
20:55:01,78,2457,55.23,89,32
20:55:11,77,2457,55.26,89,32
20:55:21,77,2457,55.32,89,32
20:55:31,77,2457,55.23,89,32
20:55:41,77,2457,55.28,89,32
20:55:51,79,2457,62.10,89,32
20:56:01,80,2431,70.37,88,32
20:56:11,79,2437,72.04,88,32
20:56:21,82,2431,73.34,88,32
20:56:31,80,2431,65.40,89,32
20:56:41,81,2431,72.96,89,32
20:56:52,79,2450,61.58,89,32
20:57:02,83,2431,72.34,89,32
20:57:12,82,2431,68.24,89,32
20:57:22,79,2457,61.21,89,32
20:57:32,81,2431,73.81,89,32
20:57:42,84,2424,71.11,88,32
20:57:52,80,2437,59.28,89,32
20:58:02,78,2457,55.86,89,32
20:58:12,78,2457,55.61,89,32
20:58:22,78,2457,55.42,89,32
20:58:32,78,2457,55.67,89,32
20:58:42,77,2457,55.49,89,32
20:58:52,78,2457,55.45,89,32
20:59:03,77,2457,55.47,89,32
20:59:13,78,2457,55.35,89,32
20:59:23,77,2457,55.96,89,32
20:59:33,77,2457,55.34,89,32
20:59:43,77,2457,54.87,88,32
20:59:53,77,2457,53.82,89,32
21:00:03,76,2457,52.15,89,32
21:00:13,75,2457,49.02,88,32
21:00:23,78,2463,59.45,89,32
21:00:33,82,2431,76.71,89,32
21:00:43,81,2424,76.16,89,32
21:00:53,83,2431,75.39,89,32
21:01:03,83,2424,75.54,89,32
21:01:14,86,2431,74.14,89,32
21:01:24,82,2431,73.56,88,32
21:01:34,85,2431,73.27,89,32
21:01:44,80,2450,57.00,89,32
21:01:54,79,2457,56.68,89,32
21:02:04,79,2457,56.32,89,32
21:02:14,78,2457,56.53,88,32
21:02:24,78,2457,56.21,89,32
21:02:34,78,2457,56.35,89,32
21:02:44,78,2457,56.42,89,32
21:02:54,78,2457,56.19,89,32
21:03:04,78,2457,55.98,89,32
21:03:15,78,2457,56.22,89,32
21:03:25,78,2457,55.82,89,32
21:03:35,77,2457,55.94,89,32
21:03:45,78,2437,63.63,89,32
21:03:55,78,2457,56.11,89,32
21:04:05,81,2444,66.29,89,32
21:04:15,78,2457,56.27,89,32
21:04:25,79,2437,72.23,89,32
21:04:35,82,2431,71.85,89,32
21:04:45,84,2431,72.20,89,32
21:04:55,83,2431,72.76,89,32
21:05:05,83,2431,70.95,89,32
21:05:15,80,2431,64.19,89,32
21:05:25,81,2431,67.66,89,32
21:05:35,83,2431,72.28,89,32
21:05:46,80,2450,57.48,89,32
21:05:56,82,2431,68.74,89,32
21:06:06,81,2431,64.18,89,32
21:06:16,80,2457,56.36,89,32
21:06:26,79,2457,56.47,89,32
21:06:36,79,2457,56.75,89,32
21:06:46,79,2457,56.55,89,32
21:06:56,78,2457,56.38,89,32
21:07:06,78,2457,56.14,89,32
21:07:16,78,2457,56.11,89,32
21:07:26,78,2457,56.05,89,32
21:07:37,78,2457,56.13,89,32
21:07:47,78,2457,56.12,89,32
21:07:57,77,2457,55.86,89,32
21:08:07,77,2457,55.77,88,32
21:08:17,77,2457,55.35,89,32
21:08:27,77,2457,54.47,89,32
21:08:37,77,2457,53.14,89,32
21:08:47,76,2457,50.03,89,32
21:08:57,75,2457,47.32,88,32
21:09:07,78,2444,73.51,88,32
21:09:17,80,2444,70.12,89,32
21:09:27,82,2424,80.23,88,32
21:09:37,87,2424,78.02,88,32
21:09:47,83,2424,81.15,89,32
21:09:57,84,2418,70.27,88,32
21:10:07,77,2457,57.11,89,32
21:10:18,75,2463,44.87,89,32
21:10:28,84,2424,78.75,89,32
21:10:38,84,2424,78.35,88,32
21:10:48,84,2424,77.27,89,32
21:10:58,83,2424,76.47,88,32
21:11:08,84,2379,80.24,88,32
21:11:18,85,2424,80.15,89,32
21:11:28,83,2424,78.81,89,32
21:11:38,81,2385,78.33,88,32
21:11:48,76,2457,46.83,89,32
21:11:58,76,2457,51.97,89,32
21:12:08,74,2457,46.07,89,32
21:12:18,81,2424,79.29,89,32
21:12:28,81,2424,79.94,89,32
21:12:38,83,2424,77.39,89,32
21:12:48,84,2372,76.65,89,32
21:12:58,85,2255,77.23,88,32
21:13:08,85,2424,74.69,88,32
21:13:18,83,2366,78.44,89,32
21:13:29,85,2359,78.64,89,32
21:13:39,84,2424,79.25,89,32
21:13:49,83,2424,77.59,89,32
21:13:59,81,2424,79.15,89,32
21:14:09,83,2424,78.50,89,32
21:14:19,82,2424,79.96,89,32
21:14:29,82,2424,76.85,89,32
21:14:39,84,2411,77.23,89,32
21:14:49,82,2424,78.82,88,32
21:14:59,76,2457,47.50,89,32
21:15:09,74,2457,46.92,89,32
21:15:19,79,2450,62.72,88,32
21:15:29,74,2457,46.98,89,32
21:15:39,74,2457,46.91,89,32
21:15:49,80,2372,79.48,89,32
21:15:59,84,2392,77.96,88,32
21:16:09,83,2268,76.74,89,32
21:16:19,82,2424,76.15,89,32
21:16:29,83,2424,78.17,89,32
21:16:40,84,2424,78.53,89,32
21:16:50,83,2424,78.58,89,32
21:17:00,82,2424,78.84,89,32
21:17:10,82,2424,77.93,89,32
21:17:20,82,2424,78.48,89,32
21:17:30,80,2424,78.64,89,32
21:17:40,83,2424,79.03,89,32
21:17:50,81,2424,78.45,89,32
21:18:00,81,2431,78.10,89,32
21:18:10,80,2424,78.28,89,32
21:18:20,82,2424,77.74,89,32
21:18:30,81,2424,77.92,89,32
21:18:40,82,2424,78.27,89,32
21:18:50,82,2424,78.11,89,32
21:19:00,82,2424,78.40,89,32
21:19:10,82,2424,78.90,89,32
21:19:20,82,2424,78.72,89,32
21:19:30,81,2424,78.74,89,32
21:19:40,82,2424,79.15,88,32
21:19:50,80,2431,79.47,88,32
21:20:00,82,2424,80.01,89,32
21:20:10,81,2424,79.92,89,32
21:20:20,83,2424,80.17,89,32
21:20:31,81,2424,80.30,89,32
21:20:41,83,2424,79.99,89,32
21:20:51,81,2424,78.38,89,32
21:21:01,72,2411,53.03,89,32
21:21:11,76,2450,56.44,89,32
21:21:21,74,2450,48.49,89,32
21:21:31,73,2450,48.33,88,32
21:21:41,74,2450,64.83,89,32
21:21:51,76,2444,67.39,89,32
21:22:01,75,2457,48.86,89,32
21:22:11,76,2457,48.35,88,32
21:22:21,84,2424,76.97,89,32
21:22:31,82,2424,78.87,89,32
21:22:41,84,2372,78.31,89,32
21:22:51,85,2418,78.02,89,32
21:23:01,83,2424,78.56,89,32
21:23:11,82,2424,79.03,89,32
21:23:22,83,2431,79.00,89,32
21:23:32,81,2431,78.54,89,32
21:23:42,83,2424,78.77,89,32
21:23:52,82,2424,78.38,89,32
21:24:02,81,2431,78.30,89,32
21:24:12,82,2424,78.67,89,32
21:24:22,80,2424,78.79,89,32
21:24:32,81,2424,78.46,89,32
21:24:42,82,2431,78.60,89,32
21:24:52,82,2424,78.84,89,32
21:25:02,81,2424,79.46,89,32
21:25:12,82,2431,78.99,89,32
21:25:22,81,2424,79.68,89,32
21:25:32,81,2424,78.46,89,32
21:25:42,81,2392,78.57,89,32
21:25:52,82,2418,79.97,89,32
21:26:02,80,2424,78.55,89,32
21:26:12,82,2424,80.50,89,32
21:26:22,80,2418,79.72,89,32
21:26:32,81,2431,78.93,89,32
21:26:42,80,2424,79.21,89,32
21:26:53,82,2385,80.89,89,32
21:27:03,81,2424,80.61,89,32
21:27:13,85,2392,80.43,89,32
21:27:23,81,2424,80.70,89,32
21:27:33,81,2424,79.03,89,32
21:27:43,81,2411,77.89,89,32
21:27:53,81,2431,80.57,89,32
21:28:03,80,2424,79.11,89,32
21:28:13,81,2431,77.76,89,32
21:28:23,79,2424,78.02,89,32
21:28:33,82,2431,78.38,89,32
21:28:43,82,2431,78.46,89,32
21:28:53,80,2424,78.00,89,32
21:29:03,81,2431,77.98,89,32
21:29:13,81,2424,77.75,89,32
21:29:23,81,2431,77.72,89,32
21:29:33,81,2431,78.10,89,32
21:29:43,81,2431,78.40,89,32
21:29:53,80,2424,78.13,89,32
21:30:03,81,2424,78.03,89,32
21:30:13,84,2418,77.10,89,32
21:30:24,79,2437,76.71,89,32
21:30:34,75,2450,50.49,89,32
21:30:44,74,2450,49.80,89,32
21:30:54,73,2450,49.84,89,32
21:31:04,78,2444,70.14,89,32
21:31:14,77,2431,66.15,89,32
21:31:24,81,2437,60.90,89,32
21:31:34,77,2450,50.76,89,32
21:31:44,77,2450,50.90,89,32
21:31:54,77,2457,49.26,89,32
21:32:04,84,2424,79.24,89,32
21:32:14,84,2424,78.80,89,32
21:32:24,85,2424,76.63,89,32
21:32:34,85,2424,78.85,89,32
21:32:44,86,2424,78.82,89,32
21:32:54,83,2424,78.74,89,32
21:33:05,83,2418,78.69,89,32
21:33:15,82,2424,79.45,89,32
21:33:25,83,2424,79.22,89,32
21:33:35,82,2379,78.04,89,32
21:33:45,83,2424,78.91,89,32
21:33:55,81,2424,79.34,89,32
21:34:05,81,2424,79.72,89,32
21:34:15,82,2424,80.01,89,32
21:34:25,82,2431,80.38,89,32
21:34:35,82,2379,78.14,89,32
21:34:45,81,2431,79.76,89,32
21:34:55,82,2424,80.28,89,32
21:35:05,82,2424,80.80,89,32
21:35:15,81,2424,80.84,89,32
21:35:25,82,2424,80.62,89,32
21:35:35,81,2372,79.86,89,32
21:35:45,83,2424,79.44,89,32
21:35:55,82,2431,78.31,89,32
21:36:05,86,2431,78.33,89,32
21:36:15,85,2424,78.89,89,32
21:36:25,81,2418,76.98,89,32
21:36:36,82,2431,77.23,89,32
21:36:46,82,2431,78.27,89,32
21:36:56,80,2431,78.07,89,32
21:37:06,81,2431,77.86,89,32
21:37:16,82,2431,77.64,89,32
21:37:26,80,2424,76.36,89,32
21:37:36,82,2431,77.55,89,32
21:37:46,82,2431,76.05,89,32
21:37:56,83,2424,78.19,89,32
21:38:06,80,2424,78.33,89,32
21:38:16,82,2431,78.22,89,32
21:38:26,82,2424,78.10,89,32
21:38:36,85,2431,78.14,89,32
21:38:46,81,2431,78.80,89,32
21:38:56,81,2431,77.90,89,32
21:39:06,81,2424,78.46,89,32
21:39:16,81,2431,78.67,89,32
21:39:26,81,2431,79.18,89,32
21:39:36,80,2424,79.10,89,32
21:39:46,85,2424,79.33,89,32
21:39:56,82,2431,79.91,89,32
21:40:07,81,2431,79.80,89,32
21:40:17,81,2424,79.82,89,32
21:40:27,81,2431,80.16,89,32
21:40:37,82,2424,79.58,89,32
21:40:47,81,2424,79.76,89,32
21:40:57,81,2431,79.02,89,32
21:41:07,80,2424,80.59,89,32
21:41:17,82,2431,80.28,89,32
21:41:27,81,2431,80.94,89,32
21:41:37,81,2431,79.12,89,32
21:41:47,83,2424,81.01,89,32
21:41:57,79,2431,79.90,89,32
21:42:07,82,2431,79.71,89,32
21:42:17,80,2431,81.08,89,32
21:42:27,81,2431,77.75,89,32
21:42:37,82,2431,80.79,89,32
21:42:47,80,2431,76.27,89,32
21:42:57,75,2450,51.37,89,32
21:43:07,74,2450,50.75,89,32
21:43:18,73,2450,50.53,89,32
21:43:28,75,2450,55.40,89,32
21:43:38,79,2450,65.61,89,32
21:43:48,80,2437,73.45,89,32
21:43:58,78,2437,59.35,89,32
21:44:08,78,2450,52.06,89,32
21:44:18,77,2450,51.69,89,32
21:44:28,76,2450,51.28,89,32
21:44:38,75,2457,50.25,89,32
21:44:48,80,2444,73.19,89,32
21:44:58,81,2398,79.56,89,32
21:45:08,82,2431,77.51,89,32
21:45:18,86,2359,79.32,89,32
21:45:28,87,2424,78.68,89,32
21:45:38,83,2301,73.30,89,32
21:45:48,83,2392,76.59,89,32
21:45:58,83,2424,80.00,89,32
21:46:09,87,2392,74.34,89,32
21:46:19,82,2424,76.87,89,32
21:46:29,82,2424,77.76,89,32
21:46:39,82,2346,78.02,89,32
21:46:49,75,2457,45.31,89,32
21:46:59,74,2457,63.43,89,32
21:47:09,74,2457,44.66,89,32
21:47:19,79,2437,79.10,89,32
21:47:29,81,2340,79.24,89,32
21:47:39,85,2314,78.64,89,32
21:47:49,87,2405,82.18,89,32
21:47:59,83,2398,75.44,89,32
21:48:09,83,2359,80.23,89,32
21:48:19,84,2424,78.48,89,32
21:48:29,87,2405,75.00,89,32
21:48:39,82,2333,74.40,89,32
21:48:49,82,2340,79.68,89,32
21:48:59,82,2431,77.55,89,32
21:49:09,87,2424,77.89,89,32
21:49:19,83,2424,82.07,89,32
21:49:29,82,2424,80.71,89,32
21:49:40,81,2431,79.07,89,32
21:49:50,81,2340,79.68,89,32
21:50:00,82,2424,83.05,89,32
21:50:10,82,2418,78.92,89,32
21:50:20,83,2353,79.55,89,32
21:50:30,80,2288,78.09,89,32
21:50:40,74,2450,45.93,89,32
21:50:50,79,2411,66.90,89,32
21:51:00,81,2418,83.28,89,32
21:51:10,74,2450,45.81,89,32
21:51:20,77,2457,54.15,89,32
21:51:30,81,2405,81.25,89,32
21:51:40,83,2385,80.04,89,32
21:51:50,85,2418,79.67,89,32
21:52:00,84,2424,78.09,89,32
21:52:10,78,2307,77.03,89,32
21:52:20,87,2398,78.73,89,32
21:52:30,83,2346,76.89,89,32
21:52:40,81,2424,77.70,89,32
21:52:50,81,2424,83.47,89,32
21:53:00,82,2424,81.48,89,32
21:53:11,82,2411,79.17,89,32
21:53:21,79,2379,79.70,89,32
21:53:31,83,2314,81.00,89,32
21:53:41,86,2385,79.82,89,32
21:53:51,80,2431,78.76,89,32
21:54:01,85,2424,83.34,89,32
21:54:11,81,2424,82.59,89,32
21:54:21,81,2418,80.78,89,32
21:54:31,84,2424,80.36,89,32
21:54:41,85,2431,82.33,89,32
21:54:51,86,2398,80.49,89,32
21:55:01,86,2379,80.32,89,32
21:55:11,80,2424,79.41,89,32
21:55:21,82,2424,82.17,89,32
21:55:31,85,2424,79.32,89,32
21:55:41,82,2424,80.64,89,32
21:55:51,79,2424,79.80,89,32
21:56:01,86,2424,79.72,89,32
21:56:11,85,2424,83.69,89,32
21:56:21,81,2418,78.64,89,32
21:56:31,79,2431,79.53,89,32
21:56:41,81,2359,78.54,89,32
21:56:51,81,2431,80.43,89,32
21:57:02,84,2424,79.24,89,32
21:57:12,81,2424,80.89,89,32
21:57:22,86,2333,79.82,89,32
21:57:32,83,2398,81.61,89,32
21:57:42,79,2314,79.08,89,32
21:57:52,80,2379,80.70,89,32
21:58:02,75,2450,46.74,89,32
21:58:12,73,2450,46.14,89,32
21:58:22,77,2411,82.85,89,32
21:58:32,80,2405,62.23,89,32
21:58:42,81,2424,81.61,89,32
21:58:52,76,2450,47.25,89,32
21:59:02,74,2450,46.44,89,32
21:59:12,81,2437,77.84,89,32
21:59:22,81,2340,78.25,89,32
21:59:32,82,2424,81.67,89,32
21:59:42,82,2411,78.44,89,32
21:59:52,88,2405,76.49,89,32
22:00:02,84,2398,78.73,89,32
22:00:13,84,2424,78.43,89,32
22:00:23,83,2177,72.02,89,32
22:00:33,83,2424,75.19,89,32
22:00:43,83,2229,78.45,89,32
22:00:53,83,2424,77.93,89,32
22:01:03,86,2411,76.28,89,32
22:01:13,81,2424,80.23,89,32
22:01:23,82,2424,81.10,89,32
22:01:33,82,2398,82.41,89,32
22:01:43,80,2424,82.06,89,32
22:01:53,86,2366,79.51,89,32
22:02:03,83,2418,80.26,89,32
22:02:13,82,2424,79.11,89,32
22:02:23,83,2424,82.15,89,32
22:02:33,81,2431,80.29,89,32
22:02:43,80,2405,80.49,89,32
22:02:53,82,2366,80.67,89,32
22:03:03,83,2424,81.78,89,32
22:03:13,83,2424,82.00,89,32
22:03:23,86,2424,78.25,89,32
22:03:33,81,2405,81.46,89,32
22:03:43,82,2424,80.74,89,32
22:03:54,80,2424,79.99,89,32
22:04:04,80,2398,83.44,89,32
22:04:14,81,2424,79.79,89,32
22:04:24,80,2431,79.55,89,32
22:04:34,84,2424,83.51,89,32
22:04:44,81,2418,80.85,89,32
22:04:54,81,2431,81.12,89,32
22:05:04,83,2424,79.87,89,32
22:05:14,81,2431,79.22,89,32
22:05:24,81,2431,80.94,89,32
22:05:34,81,2437,77.46,89,32
22:05:44,80,2327,78.76,89,32
22:05:54,82,2431,81.03,89,32
22:06:04,82,2424,82.61,89,32
22:06:14,80,2424,81.39,89,32
22:06:24,81,2418,79.76,89,32
22:06:34,80,2424,79.78,89,32
22:06:44,81,2424,84.44,89,32
22:06:54,83,2353,77.79,89,32
22:07:04,81,2398,80.89,89,32
22:07:14,81,2431,81.12,89,32
22:07:24,83,2424,81.08,89,32
22:07:34,81,2411,80.94,89,32
22:07:45,82,2431,79.60,89,32
22:07:55,81,2424,80.28,89,32
22:08:05,79,2424,80.71,89,32
22:08:15,80,2385,82.62,89,32
22:08:25,81,2431,81.64,89,32
22:08:35,84,2411,84.50,89,32
22:08:45,81,2398,79.92,89,32
22:08:55,81,2424,79.47,89,32
22:09:05,83,2366,78.65,89,32
22:09:15,73,2450,47.00,89,32
22:09:25,72,2444,46.70,89,32
22:09:35,82,2431,76.49,89,32
22:09:45,81,2431,80.66,89,32
22:09:55,81,2385,79.03,89,32
22:10:05,82,2424,77.93,89,32
22:10:15,80,2366,76.26,89,32
22:10:25,76,2444,47.43,89,32
22:10:35,74,2450,46.90,89,32
22:10:45,79,2431,79.29,89,32
22:10:56,83,2411,81.83,89,32
22:11:06,86,2392,81.28,89,32
22:11:16,87,2359,79.42,89,32
22:11:26,82,2418,77.94,89,32
22:11:36,82,2424,81.77,89,32
22:11:46,82,2424,79.06,89,32
22:11:56,82,2424,80.45,89,32
22:12:06,81,2411,78.37,89,32
22:12:16,83,2424,79.85,89,32
22:12:26,82,2379,80.93,89,32
22:12:36,81,2418,80.36,89,32
22:12:46,86,2424,77.47,89,32
22:12:56,81,2418,82.02,89,32
22:13:06,82,2424,81.15,89,32
22:13:16,80,2424,80.01,89,32
22:13:26,86,2398,83.49,89,32
22:13:36,85,2424,79.55,89,32
22:13:46,80,2431,81.26,89,32
22:13:56,79,2301,79.80,89,32
22:14:06,83,2424,82.39,89,32
22:14:16,82,2424,80.16,89,32
22:14:26,81,2431,80.13,89,32
22:14:36,81,2424,80.61,89,32
22:14:47,79,2424,82.22,89,32
22:14:57,82,2437,81.08,89,32
22:15:07,81,2405,82.05,89,32
22:15:17,86,2418,82.51,89,32
22:15:27,81,2418,81.29,89,32
22:15:37,83,2424,79.64,89,32
22:15:47,85,2424,79.14,89,32
22:15:57,81,2424,80.76,89,32
22:16:07,81,2372,81.92,89,32
22:16:17,80,2424,82.64,89,32
22:16:27,84,2424,79.98,89,32
22:16:37,84,2411,81.88,89,32
22:16:47,82,2424,81.04,89,32
22:16:57,81,2424,81.64,89,32
22:17:07,83,2437,79.51,89,32
22:17:17,79,2366,79.73,89,32
22:17:27,83,2418,82.12,89,32
22:17:37,81,2398,83.41,89,32
22:17:47,86,2424,80.88,89,32
22:17:57,80,2437,81.07,89,32
22:18:07,82,2418,82.18,89,32
22:18:17,85,2418,78.97,89,32
22:18:28,80,2424,80.62,89,32
22:18:38,79,2353,80.45,89,32
22:18:48,79,2431,81.91,89,32
22:18:58,80,2333,81.24,89,32
22:19:08,80,2366,80.96,89,32
22:19:18,82,2405,80.75,89,32
22:19:28,80,2398,80.87,89,32
22:19:38,81,2431,81.32,89,32
22:19:48,81,2424,80.02,89,32
22:19:58,86,2327,81.38,89,32
22:20:08,86,2424,82.37,89,32
22:20:18,80,2392,81.43,89,32
22:20:28,81,2411,80.78,89,32
22:20:38,82,2424,80.26,89,32
22:20:48,81,2424,81.41,89,32
22:20:58,81,2405,79.31,89,32
22:21:08,81,2379,78.74,89,32
22:21:18,79,2385,83.63,89,32
22:21:28,81,2418,80.51,89,32
22:21:38,80,2385,80.11,89,32
22:21:48,81,2307,80.25,89,32
22:21:58,86,2424,78.82,89,32
22:22:08,83,2424,81.92,89,32
22:22:19,81,2424,80.46,89,32
22:22:29,82,2431,80.18,89,32
22:22:39,81,2424,84.32,89,32
22:22:49,79,2437,79.73,89,32
22:22:59,76,2418,78.08,89,32
22:23:09,86,2333,79.98,89,32
22:23:19,81,2424,80.12,89,32
22:23:29,81,2424,80.18,89,32
22:23:39,86,2424,82.10,89,32
22:23:49,80,2431,79.69,89,32
22:23:59,74,2450,47.55,89,32
22:24:09,73,2444,47.14,89,32
22:24:19,78,2437,75.34,89,32
22:24:29,83,2431,79.90,89,32
22:24:39,81,2424,77.53,89,32
22:24:49,82,2431,75.59,89,32
22:24:59,86,2424,73.70,89,32
22:25:09,82,2424,77.70,89,32
22:25:20,82,2346,73.74,89,32
22:25:30,76,2444,47.93,89,32
22:25:40,75,2450,47.42,89,32
22:25:50,74,2457,45.03,89,32
22:26:00,81,2437,82.29,89,32
22:26:10,82,2353,81.47,89,32
22:26:20,83,2203,79.20,89,32
22:26:30,79,2431,77.97,89,32
22:26:40,82,2372,80.93,89,32
22:26:50,81,2424,78.53,89,32
22:27:00,85,2307,78.29,89,32
22:27:10,84,2320,79.03,89,32
22:27:20,80,2333,81.60,89,32
22:27:30,83,2424,83.55,89,32
22:27:40,82,2405,79.51,89,32
22:27:50,80,2359,76.48,89,32
22:28:00,81,2411,80.77,89,32
22:28:10,85,2424,83.22,89,32
22:28:20,78,2366,80.88,89,32
22:28:30,83,2457,54.99,89,32
22:28:41,72,2457,43.30,89,32
22:28:51,80,2431,82.41,89,32
22:29:01,83,2431,84.28,89,32
22:29:11,80,2346,83.17,89,32
22:29:21,80,2418,78.23,89,32
22:29:31,86,2385,81.03,89,32
22:29:41,80,2424,82.22,89,32
22:29:51,80,2424,80.91,89,32
22:30:01,80,2405,82.00,89,32
22:30:11,82,2333,80.42,89,32
22:30:21,79,2424,81.01,89,32
22:30:31,83,2340,80.81,89,32
22:30:41,85,2398,82.19,89,32
22:30:51,82,2359,79.87,89,32
22:31:01,84,2424,81.01,89,32
22:31:11,81,2405,80.95,89,32
22:31:21,80,2340,79.60,89,32
22:31:31,86,2424,80.81,89,32
22:31:41,83,2366,83.13,89,32
22:31:51,79,2405,79.02,89,32
22:32:01,86,2353,81.86,89,32
22:32:11,83,2418,84.06,89,32
22:32:21,86,2301,81.68,89,32
22:32:31,75,2431,68.62,89,32
22:32:42,78,2372,77.20,89,32
22:32:52,84,2405,64.62,89,32
22:33:02,72,2457,43.18,89,32
22:33:12,83,2431,80.33,89,32
22:33:22,85,2424,81.98,89,32
22:33:32,81,2372,79.97,89,32
22:33:42,81,2346,80.43,89,32
22:33:52,79,2327,79.84,89,32
22:34:02,80,2177,80.48,89,32
22:34:12,86,2392,80.78,89,32
22:34:22,80,2392,82.10,89,32
22:34:32,80,2372,80.41,89,32
22:34:42,83,2418,83.33,89,32
22:34:52,85,2379,81.90,89,32
22:35:02,81,2385,83.13,89,32
22:35:12,86,2418,84.57,89,32
22:35:22,82,2392,83.79,89,32
22:35:32,82,2411,81.56,89,32
22:35:42,80,2411,80.84,89,32
22:35:52,81,2359,82.70,89,32
22:36:02,82,2392,80.96,89,32
22:36:12,81,2424,84.64,89,32
22:36:22,82,2327,80.92,89,32
22:36:33,79,2431,81.19,89,32
22:36:43,79,2424,85.24,89,32
22:36:53,79,2398,81.80,89,32
22:37:03,83,2418,83.22,89,32
22:37:13,81,2405,81.21,89,32
22:37:23,82,2405,79.43,89,32
22:37:33,80,2366,82.58,89,32
22:37:43,86,2281,81.83,89,32
22:37:53,82,2398,81.41,89,32
22:38:03,82,2294,78.48,89,32
22:38:13,85,2418,80.45,89,32
22:38:23,80,2418,82.74,89,32
22:38:33,81,2424,84.69,89,32
22:38:43,83,2431,82.34,89,32
22:38:53,80,2333,79.57,89,32
22:39:03,80,2411,79.70,89,32
22:39:13,82,2379,83.43,89,32
22:39:23,80,2379,81.87,89,32
22:39:33,78,2424,83.82,89,32
22:39:43,85,2385,83.09,89,32
22:39:53,84,2411,81.72,89,32
22:40:04,80,2379,81.18,89,32
22:40:14,78,2301,81.28,89,32
22:40:24,81,2340,78.85,89,32
22:40:34,80,2418,83.87,89,32
22:40:44,73,2450,45.13,89,32
22:40:54,72,2424,49.70,89,32
22:41:04,78,2340,80.61,89,32
22:41:14,74,2450,45.33,89,32
22:41:24,73,2450,44.97,89,32
22:41:34,79,2424,78.08,89,32
22:41:44,80,2392,82.56,89,32
22:41:54,80,2288,79.47,89,32
22:42:04,82,2424,79.40,89,32
22:42:14,82,2333,79.11,89,32
22:42:24,85,2171,77.40,89,32
22:42:34,81,2424,81.04,89,32
22:42:44,84,2424,83.44,89,32
22:42:54,84,2359,81.68,89,32
22:43:04,81,2385,78.66,89,32
22:43:14,82,2411,85.01,89,32
22:43:24,80,2424,80.42,89,32
22:43:35,80,2346,79.78,89,32
22:43:45,81,2418,84.29,89,32
22:43:55,84,2372,79.82,89,32
22:44:05,82,2424,83.56,89,32
22:44:15,86,2392,82.32,89,32
22:44:25,80,2424,82.02,89,32
22:44:35,85,2301,83.60,89,32
22:44:45,83,2431,83.16,89,32
22:44:55,81,2327,81.90,89,32
22:45:05,79,2398,81.98,89,32
22:45:15,82,2359,80.88,89,32
22:45:25,81,2431,83.85,89,32
22:45:35,81,2379,82.32,89,32
22:45:45,80,2385,81.66,89,32
22:45:55,82,2424,82.15,89,32
22:46:05,80,2366,79.24,89,32
22:46:15,80,2327,80.26,89,32
22:46:25,85,2379,80.28,89,32
22:46:35,83,2398,82.81,89,32
22:46:45,79,2405,82.75,89,32
22:46:55,84,2372,83.16,89,32
22:47:05,81,2353,83.80,89,32
22:47:15,85,2398,83.11,89,32
22:47:25,79,2353,80.97,89,32
22:47:36,86,2346,79.61,89,32
22:47:46,84,2359,81.65,89,32
22:47:56,85,2411,84.64,89,32
22:48:06,80,2398,82.79,89,32
22:48:16,81,2405,83.29,89,32
22:48:26,80,2398,79.19,89,32
22:48:36,79,2437,78.71,89,32
22:48:46,78,2424,81.50,89,32
22:48:56,81,2424,81.11,89,32
22:49:06,81,2424,83.46,89,32
22:49:16,81,2392,84.04,89,32
22:49:26,81,2424,81.61,89,32
22:49:36,80,2353,81.70,89,32
22:49:46,83,2411,83.24,89,32
22:49:56,80,2424,82.47,89,32
22:50:06,80,2392,85.63,89,32
22:50:16,81,2424,83.92,89,32
22:50:26,80,2424,84.93,89,32
22:50:36,81,2385,84.07,89,32
22:50:46,82,2431,78.06,89,32
22:50:56,83,2379,82.15,89,32
22:51:06,86,2431,81.02,89,32
22:51:16,83,2346,81.81,89,32
22:51:26,86,2372,84.02,89,32
22:51:37,80,2431,82.19,89,32
22:51:47,80,2444,83.19,89,32
22:51:57,81,2405,84.12,89,32
22:52:07,86,2411,79.43,89,32
22:52:17,79,2411,81.88,89,32
22:52:27,83,2294,83.73,89,32
22:52:37,80,2301,82.49,89,32
22:52:47,79,2398,81.81,89,32
22:52:57,72,2444,45.48,89,32
22:53:07,79,2385,83.13,89,32
22:53:17,74,2405,61.87,89,32
22:53:27,79,2431,81.81,89,32
22:53:37,74,2444,45.68,89,32
22:53:47,72,2444,45.06,89,32
22:53:57,71,2470,42.86,89,32
22:54:07,78,2431,81.11,89,32
22:54:17,81,2359,81.69,89,32
22:54:27,82,2405,79.51,89,32
22:54:37,79,2353,77.49,89,32
22:54:47,81,2229,77.43,89,32
22:54:58,84,2268,82.03,89,32
22:55:08,83,2372,77.29,89,32
22:55:18,82,2275,79.06,89,32
22:55:28,81,2138,79.79,89,32
22:55:38,84,2385,83.64,89,32
22:55:48,82,2424,81.39,89,32
22:55:58,86,2431,80.16,89,32
22:56:08,81,2424,81.83,89,32
22:56:18,81,2424,84.67,89,32
22:56:28,81,2424,80.86,89,32
22:56:38,83,2405,80.88,89,32
22:56:48,86,2418,82.40,89,32
22:56:58,86,2424,83.37,89,32
22:57:08,81,2405,83.13,89,32
22:57:18,82,2411,82.32,89,32
22:57:28,81,2411,84.23,89,32
22:57:38,84,2424,82.07,89,32
22:57:48,80,2424,83.17,89,32
22:57:58,81,2431,85.27,89,32
22:58:08,79,2372,81.57,89,32
22:58:18,80,2411,82.92,89,32
22:58:28,81,2398,83.52,89,32
22:58:38,80,2359,83.89,89,32
22:58:48,83,2424,83.69,89,32
22:58:58,82,2411,83.91,89,32
22:59:09,84,2411,85.01,89,32
22:59:19,81,2398,81.68,89,32
22:59:29,84,2327,81.65,89,32
22:59:39,80,2385,79.12,89,32
22:59:49,86,2333,80.14,89,32
22:59:59,79,2392,84.62,89,32
23:00:09,82,2405,80.50,89,32
23:00:19,81,2392,82.90,89,32
23:00:29,80,2359,80.32,89,32
23:00:39,85,2405,79.66,89,32
23:00:49,79,2379,82.61,89,32
23:00:59,81,2418,80.18,89,32
23:01:09,81,2411,82.74,89,32
23:01:19,81,2405,83.41,89,32
23:01:29,81,2424,84.64,89,32
23:01:39,80,2372,79.22,89,32
23:01:49,81,2392,86.00,89,32
23:01:59,81,2398,82.47,89,32
23:02:09,80,2385,79.98,89,32
23:02:19,82,2418,81.11,89,32
23:02:29,82,2424,82.96,89,32
23:02:39,79,2431,84.77,89,32
23:02:49,80,2411,80.69,89,32
23:03:00,79,2405,81.71,89,32
23:03:10,79,2411,86.38,89,32
23:03:20,80,2431,80.81,89,32
23:03:30,80,2411,83.08,89,32
23:03:40,84,2314,84.52,89,32
23:03:50,79,2405,82.12,89,32
23:04:00,83,2424,84.01,89,32
23:04:10,79,2424,80.00,89,32
23:04:20,80,2424,83.57,89,32
23:04:30,85,2411,83.82,89,32
23:04:40,84,2346,80.60,89,32
23:04:50,80,2353,81.79,89,32
23:05:00,79,2424,83.51,89,32
23:05:10,81,2385,83.12,89,32
23:05:20,80,2424,84.69,89,32
23:05:30,81,2379,84.03,89,32
23:05:40,81,2424,83.50,89,32
23:05:50,79,2424,85.01,89,32
23:06:00,79,2385,80.37,89,32
23:06:10,81,2411,86.40,89,32
23:06:20,84,2405,82.24,89,32
23:06:30,83,2424,83.32,89,32
23:06:40,80,2385,83.62,89,32
23:06:50,80,2346,85.46,89,32
23:07:00,79,2385,83.08,89,32
23:07:11,80,2359,83.97,89,32
23:07:21,81,2431,81.84,89,32
23:07:31,79,2385,82.53,89,32
23:07:41,82,2411,87.38,89,32
23:07:51,80,2411,82.50,89,32
23:08:01,84,2431,84.95,89,32
23:08:11,85,2431,80.35,89,32
23:08:21,79,2392,82.18,89,32
23:08:31,81,2366,83.29,89,32
23:08:41,79,2385,83.56,89,32
23:08:51,86,2424,82.00,89,32
23:09:01,80,2379,79.93,89,32
23:09:11,73,2444,45.78,89,32
23:09:21,72,2444,45.21,89,32
23:09:31,76,2398,85.30,89,32
23:09:41,80,2372,84.44,89,32
23:09:51,77,2431,79.20,89,32
23:10:01,81,2379,79.27,89,32
23:10:11,74,2444,46.40,89,32
23:10:21,74,2444,45.72,89,32
23:10:32,78,2450,74.01,89,32
23:10:42,79,2444,74.45,89,32
23:10:52,81,2424,79.52,89,32
23:11:02,76,2424,68.50,89,32
23:11:12,74,2463,43.26,89,32
23:11:22,80,2431,79.37,89,32
23:11:32,81,2418,80.88,89,32
23:11:42,83,2424,81.12,89,32
23:11:52,83,2431,79.17,89,32
23:12:02,76,2463,45.45,89,32
23:12:12,75,2463,45.20,89,32
23:12:22,80,2431,78.73,89,32
23:12:32,82,2424,79.23,89,32
23:12:42,82,2424,79.44,89,32
23:12:52,82,2424,78.93,89,32
23:13:02,83,2392,79.00,89,32
23:13:12,84,2424,77.95,89,32
23:13:22,86,2424,79.05,89,32
23:13:32,83,2385,77.07,89,32
23:13:42,78,2457,47.50,89,32
23:13:53,76,2457,55.36,89,32
23:14:03,76,2457,46.61,89,32
23:14:13,80,2437,70.51,89,32
23:14:23,82,2431,79.81,89,32
23:14:33,83,2424,79.55,89,32
23:14:43,83,2424,80.13,89,32
23:14:53,87,2431,76.47,89,32
23:15:03,83,2424,76.82,89,32
23:15:13,83,2392,74.53,89,32
23:15:23,81,2424,78.98,89,32
23:15:33,81,2431,78.03,89,32
23:15:43,81,2424,78.54,89,32
23:15:53,82,2424,78.24,89,32
23:16:03,82,2431,77.71,89,32
23:16:13,82,2424,78.59,89,32
23:16:23,81,2424,78.18,89,32
23:16:33,82,2431,77.71,89,32
23:16:43,83,2431,78.13,89,32
23:16:53,81,2424,80.21,89,32
23:17:03,74,2457,47.44,89,32
23:17:14,73,2457,49.91,89,32
23:17:24,79,2444,75.36,89,32
23:17:34,74,2457,47.05,89,32
23:17:44,73,2463,44.57,89,32
23:17:54,80,2424,79.33,89,32
23:18:04,82,2424,77.50,89,32
23:18:14,83,2424,79.18,89,32
23:18:24,86,2372,76.93,89,32
23:18:34,83,2359,77.32,89,32
23:18:44,84,2424,77.66,89,32
23:18:54,85,2424,81.09,89,32
23:19:04,84,2418,79.97,89,32
23:19:14,82,2405,77.47,89,32
23:19:24,81,2398,80.48,89,32
23:19:34,81,2424,80.45,89,32
23:19:44,83,2424,80.76,89,32
23:19:54,85,2424,78.65,89,32
23:20:04,82,2411,80.12,89,32
23:20:14,82,2418,81.05,89,32
23:20:24,79,2424,79.86,89,32
23:20:34,83,2431,78.61,89,32
23:20:45,81,2424,77.77,89,32
23:20:55,81,2431,77.58,89,32
23:21:05,82,2431,77.26,89,32
23:21:15,80,2431,78.24,89,32
23:21:25,81,2437,77.73,89,32
23:21:35,81,2431,77.43,89,32
23:21:45,81,2431,79.35,89,32
23:21:55,74,2457,48.25,89,32
23:22:05,73,2457,48.40,89,32
23:22:15,74,2450,66.24,89,32
23:22:25,77,2457,55.91,89,32
23:22:35,74,2457,48.21,89,32
23:22:45,74,2457,47.56,89,32
23:22:55,79,2431,79.01,89,32
23:23:05,85,2424,79.64,89,32
23:23:15,84,2424,80.00,89,32
23:23:25,82,2392,78.76,89,32
23:23:35,86,2424,79.85,89,32
23:23:46,84,2359,76.62,89,32
23:23:56,84,2411,78.65,89,32
23:24:06,82,2411,79.19,89,32
23:24:16,82,2372,77.75,89,32
23:24:26,82,2424,81.37,89,32
23:24:36,82,2424,80.19,89,32
23:24:46,82,2424,80.62,89,32
23:24:56,80,2424,80.76,89,32
23:25:06,79,2424,79.91,89,32
23:25:16,82,2424,79.03,89,32
23:25:26,79,2372,77.19,89,32
23:25:36,81,2424,79.11,89,32
23:25:46,81,2431,78.20,89,32
23:25:56,80,2437,77.89,89,32
23:26:06,81,2431,78.35,89,32
23:26:16,80,2431,78.35,89,32
23:26:26,80,2431,77.68,89,32
23:26:36,81,2431,78.19,89,32
23:26:46,81,2437,78.38,89,32
23:26:56,79,2431,78.50,89,32
23:27:06,81,2424,78.95,89,32
23:27:16,80,2431,78.74,89,32
23:27:27,80,2431,79.21,89,32
23:27:37,80,2431,79.38,89,32
23:27:47,81,2431,79.65,89,32
23:27:57,85,2431,79.90,89,32
23:28:07,75,2431,53.79,89,32
23:28:17,80,2437,78.09,89,32
23:28:27,73,2457,48.72,89,32
23:28:37,72,2450,48.46,89,32
23:28:47,78,2437,75.44,89,32
23:28:57,75,2450,63.75,89,32
23:29:07,76,2457,48.82,89,32
23:29:17,75,2450,49.19,89,32
23:29:27,75,2457,47.67,89,32
23:29:37,81,2424,78.64,89,32
23:29:47,81,2301,77.22,89,32
23:29:57,84,2418,78.81,89,32
23:30:07,83,2431,78.78,89,32
23:30:17,84,2424,79.84,89,32
23:30:28,83,2424,78.92,89,32
23:30:38,83,2424,79.61,89,32
23:30:48,83,2424,80.17,89,32
23:30:58,85,2424,79.05,89,32
23:31:08,85,2424,79.79,89,32
23:31:18,83,2385,79.00,89,32
23:31:28,84,2333,75.86,89,32
23:31:38,84,2424,79.11,89,32
23:31:48,82,2424,77.99,89,32
23:31:58,85,2424,78.14,89,32
23:32:08,83,2424,78.35,89,32
23:32:18,83,2424,78.20,89,32
23:32:28,85,2424,78.90,89,32
23:32:38,81,2424,78.42,89,32
23:32:48,81,2424,78.15,89,32
23:32:58,81,2431,78.28,89,32
23:33:08,82,2431,78.36,89,32
23:33:18,80,2424,78.53,89,32
23:33:28,82,2431,78.72,89,32
23:33:38,84,2431,79.32,89,32
23:33:48,81,2431,79.75,89,32
23:33:59,83,2424,78.72,89,32
23:34:09,81,2424,80.10,89,32
23:34:19,81,2431,79.95,89,32
23:34:29,81,2437,80.31,89,32
23:34:39,79,2424,80.36,89,32
23:34:49,81,2431,80.54,89,32
23:34:59,85,2424,81.13,89,32
23:35:09,82,2424,79.93,89,32
23:35:19,80,2385,77.78,89,32
23:35:29,81,2424,80.35,89,32
23:35:39,80,2431,79.50,89,32
23:35:49,81,2424,77.79,89,32
23:35:59,80,2437,77.94,89,32
23:36:09,80,2431,77.90,89,32
23:36:19,81,2437,78.03,89,32
23:36:29,81,2431,77.58,89,32
23:36:39,80,2431,77.74,89,32
23:36:49,81,2431,78.34,89,32
23:36:59,81,2437,78.48,89,32
23:37:09,80,2437,78.66,89,32
23:37:19,80,2431,79.02,89,32
23:37:29,81,2418,79.38,89,32
23:37:40,81,2431,77.22,89,32
23:37:50,75,2450,50.46,89,32
23:38:00,73,2450,50.36,89,32
23:38:10,73,2450,55.16,89,32
23:38:20,79,2444,75.07,89,32
23:38:30,79,2457,61.67,89,32
23:38:40,81,2437,68.51,89,32
23:38:50,78,2424,57.90,89,32
23:39:00,76,2450,50.95,89,32
23:39:10,75,2450,50.36,89,32
23:39:20,74,2457,46.57,89,32
23:39:30,80,2431,78.38,89,32
23:39:40,81,2424,77.98,89,32
23:39:50,83,2424,78.04,89,32
23:40:01,82,2424,78.95,89,32
23:40:11,84,2424,78.14,89,32
23:40:21,83,2424,78.77,89,32
23:40:31,84,2424,78.46,89,32
23:40:41,83,2411,78.33,89,32
23:40:51,84,2411,78.22,89,32
23:41:01,84,2424,78.99,89,32
23:41:11,82,2424,78.81,89,32
23:41:21,85,2424,79.29,89,32
23:41:31,83,2424,79.96,89,32
23:41:41,83,2424,79.54,89,32
23:41:51,82,2424,80.38,89,32
23:42:01,82,2431,80.25,89,32
23:42:11,84,2431,80.07,89,32
23:42:21,82,2431,79.82,89,32
23:42:31,81,2431,77.55,89,32
23:42:41,82,2431,80.01,89,32
23:42:51,81,2424,80.58,89,32
23:43:01,80,2424,81.07,89,32
23:43:11,79,2418,80.12,89,32
23:43:21,81,2431,79.18,89,32
23:43:31,80,2431,78.58,89,32
23:43:42,82,2424,77.75,89,32
23:43:52,80,2431,77.95,89,32
23:44:02,81,2424,78.29,89,32
23:44:12,81,2431,78.24,89,32
23:44:22,81,2431,78.05,89,32
23:44:32,80,2424,77.71,89,32
23:44:42,80,2431,78.10,89,32
23:44:52,79,2437,77.71,89,32
23:45:02,78,2431,78.09,89,32
23:45:12,80,2437,78.40,89,32
23:45:22,80,2437,78.43,89,32
23:45:32,80,2431,79.21,89,32
23:45:42,80,2437,78.59,89,32
23:45:52,80,2431,79.40,89,32
23:46:02,81,2437,79.98,89,32
23:46:12,79,2431,80.25,89,32
23:46:22,80,2437,80.47,89,32
23:46:32,80,2431,80.09,89,32
23:46:42,84,2431,80.08,89,32
23:46:52,80,2424,79.50,89,32
23:47:02,79,2431,80.25,89,32
23:47:12,83,2424,80.72,89,32
23:47:23,78,2431,79.83,89,32
23:47:33,81,2424,78.41,89,32
23:47:43,80,2437,77.35,89,32
23:47:53,79,2431,77.92,89,32
23:48:03,80,2444,77.33,89,32
23:48:13,80,2437,77.84,89,32
23:48:23,81,2431,77.91,89,32
23:48:33,79,2437,78.16,89,32
23:48:43,82,2437,78.09,89,32
23:48:53,80,2431,78.37,89,32
23:49:03,81,2431,79.00,89,32
23:49:13,79,2437,79.11,89,32
23:49:23,80,2444,79.51,89,32
23:49:33,84,2437,79.36,89,32
23:49:43,83,2431,79.36,89,32
23:49:53,77,2424,60.83,89,32
23:50:03,78,2437,77.14,89,32
23:50:13,79,2444,74.52,89,32
23:50:23,74,2450,50.98,89,32
23:50:34,73,2450,51.05,89,32
23:50:44,72,2450,50.88,89,32
23:50:54,74,2444,63.61,89,32
23:51:04,78,2444,73.25,89,32
23:51:14,85,2431,71.28,89,32
23:51:24,80,2431,65.85,89,32
23:51:34,80,2437,59.74,89,32
23:51:44,76,2450,51.76,89,32
23:51:54,75,2450,51.66,89,32
23:52:04,75,2450,50.38,89,32
23:52:14,73,2457,46.71,89,32
23:52:24,85,2424,80.00,89,32
23:52:34,79,2385,80.95,89,32
23:52:44,82,2392,82.26,89,32
23:52:54,68,2392,44.24,89,32
23:53:04,79,2431,80.71,89,32
23:53:14,86,2418,84.67,89,32
23:53:24,82,2366,81.81,89,32
23:53:35,84,2379,82.46,89,32
23:53:45,80,2398,77.24,89,32
23:53:55,76,2463,43.45,89,32
23:54:05,74,2463,43.07,89,32
23:54:15,80,2437,80.33,89,32
23:54:25,82,2424,82.72,89,32
23:54:35,82,2372,74.28,89,32
23:54:45,84,2424,78.59,89,32
23:54:55,82,2398,78.82,89,32
23:55:05,85,2385,79.95,89,32
23:55:15,81,2405,81.30,89,32
23:55:25,79,2405,79.82,89,32
23:55:35,81,2294,81.48,89,32
23:55:45,83,2411,81.40,89,32
23:55:55,78,2411,83.46,89,32
23:56:05,74,2457,44.19,89,32
23:56:15,73,2457,45.42,89,32
23:56:25,78,2444,76.64,89,32
23:56:35,80,2431,84.68,89,32
23:56:45,81,2346,82.70,89,32
23:56:55,85,2424,77.82,89,32
23:57:05,80,2398,83.65,89,32
23:57:16,80,2385,80.55,89,32
23:57:26,81,2424,85.27,89,32
23:57:36,81,2431,78.24,89,32
23:57:46,85,2242,79.39,89,32
23:57:56,81,2424,84.24,89,32
23:58:06,80,2431,79.76,89,32
23:58:16,80,2346,82.26,89,32
23:58:26,81,2424,83.75,89,32
23:58:36,79,2366,83.43,89,32
23:58:46,80,2359,82.71,89,32
23:58:56,82,2424,83.71,89,32
23:59:06,86,2405,78.96,89,32
23:59:16,82,2398,82.00,89,32
23:59:26,79,2431,81.98,89,32
23:59:36,82,2372,84.93,89,32
23:59:46,86,2353,79.07,89,32
23:59:56,77,2418,80.32,89,32
00:00:06,79,2424,80.50,89,32
00:00:16,73,2450,44.28,89,32
00:00:26,83,2359,85.43,89,32
00:00:36,72,2450,44.22,89,32
00:00:46,79,2444,79.18,89,32
00:00:57,83,2411,81.85,89,32
00:01:07,81,2392,82.50,89,32
00:01:17,81,2424,80.35,89,32
00:01:27,81,2398,77.96,89,32
00:01:37,83,2431,78.39,89,32
00:01:47,82,2379,80.62,89,32
00:01:57,80,2418,81.77,89,32
00:02:07,80,2255,77.26,89,32
00:02:17,80,2424,83.17,89,32
00:02:27,79,2366,82.21,89,32
00:02:37,82,2346,83.67,89,32
00:02:47,85,2398,83.27,89,32
00:02:57,80,2385,81.98,89,32
00:03:07,81,2359,79.37,89,32
00:03:17,85,2431,83.44,89,32
00:03:27,79,2346,82.65,89,32
00:03:37,86,2398,82.68,89,32
00:03:47,79,2437,81.24,89,32
00:03:57,82,2405,87.51,89,32
00:04:07,82,2424,82.95,89,32
00:04:17,81,2385,78.92,89,32
00:04:27,85,2366,82.62,89,32
00:04:37,84,2424,84.83,89,32
00:04:47,83,2353,82.27,89,32
00:04:58,80,2411,80.81,89,32
00:05:08,80,2392,82.79,89,32
00:05:18,85,2385,79.02,89,32
00:05:28,83,2431,83.47,89,32
00:05:38,80,2398,85.11,89,32
00:05:48,80,2424,79.23,89,32
00:05:58,82,2405,81.59,89,32
00:06:08,84,2418,84.55,89,32
00:06:18,81,2418,80.23,89,32
00:06:28,85,2424,82.33,89,32
00:06:38,80,2431,84.83,89,32
00:06:48,80,2431,81.92,89,32
00:06:58,83,2405,85.60,89,32
00:07:08,81,2372,77.83,89,32
00:07:18,85,2405,84.19,89,32
00:07:28,85,2424,83.00,89,32
00:07:38,80,2366,81.61,89,32
00:07:48,79,2385,82.57,89,32
00:07:58,82,2405,87.42,89,32
00:08:08,79,2366,83.38,89,32
00:08:18,73,2444,45.06,89,32
00:08:28,72,2411,61.86,89,32
00:08:39,78,2411,83.04,89,32
00:08:49,82,2450,75.81,89,32
00:08:59,73,2450,44.92,89,32
00:09:09,78,2444,75.83,89,32
00:09:19,81,2437,82.38,89,32
00:09:29,82,2333,80.81,89,32
00:09:39,83,2424,80.99,89,32
00:09:49,85,2424,80.61,89,32
00:09:59,82,2424,82.02,89,32
00:10:09,82,2411,84.65,89,32
00:10:19,81,2411,81.13,89,32
00:10:29,80,2346,83.26,89,32
00:10:39,80,2405,81.57,89,32
00:10:49,80,2301,79.73,89,32
00:10:59,85,2411,85.02,89,32
00:11:09,78,2346,80.73,89,32
00:11:19,82,2411,83.70,89,32
00:11:29,84,2418,86.88,89,32
00:11:39,80,2424,81.19,89,32
00:11:49,85,2359,77.14,89,32
00:11:59,79,2405,80.74,89,32
00:12:09,80,2418,84.73,89,32
00:12:20,80,2411,82.07,89,32
00:12:30,81,2424,84.60,89,32
00:12:40,80,2418,85.36,89,32
00:12:50,80,2418,83.97,89,32
00:13:00,85,2418,82.63,89,32
00:13:10,80,2411,85.17,89,32
00:13:20,81,2424,82.69,89,32
00:13:30,81,2431,83.38,89,32
00:13:40,78,2372,82.50,89,32
00:13:50,79,2340,80.18,89,32
00:14:00,82,2379,79.46,89,32
00:14:10,80,2379,80.79,89,32
00:14:20,80,2372,82.73,89,32
00:14:30,85,2431,82.47,89,32
00:14:40,81,2385,82.82,89,32
00:14:50,81,2418,84.05,89,32
00:15:00,85,2398,80.27,89,32
00:15:10,79,2431,82.58,89,32
00:15:20,81,2366,85.05,89,32
00:15:30,84,2411,80.78,89,32
00:15:40,84,2418,83.66,89,32
00:15:50,83,2392,83.04,89,32
00:16:00,79,2353,82.19,89,32
00:16:10,81,2411,83.72,89,32
00:16:21,78,2281,80.12,89,32
00:16:31,84,2398,82.79,89,32
00:16:41,80,2431,81.67,89,32
00:16:51,81,2392,86.12,89,32
00:17:01,81,2424,82.51,89,32
00:17:11,86,2424,83.87,89,32
00:17:21,82,2431,83.87,89,32
00:17:31,80,2385,78.55,89,32
00:17:41,84,2398,83.71,89,32
00:17:51,79,2424,82.74,89,32
00:18:01,81,2411,81.79,89,32
00:18:11,85,2379,82.82,89,32
00:18:21,82,2424,83.95,89,32
00:18:31,80,2424,85.22,89,32
00:18:41,81,2424,85.42,89,32
00:18:51,81,2437,82.18,89,32
00:19:01,85,2385,86.80,89,32
00:19:11,79,2398,81.42,89,32
00:19:21,79,2424,83.65,89,32
00:19:31,82,2418,83.38,89,32
00:19:41,80,2437,82.33,89,32
00:19:51,78,2314,81.73,89,32
00:20:01,80,2366,83.99,89,32
00:20:11,80,2392,83.94,89,32
00:20:22,74,2444,45.90,89,32
00:20:32,72,2444,45.21,89,32
00:20:42,72,2444,45.00,89,32
00:20:52,78,2463,68.39,89,32
00:21:02,79,2444,75.07,89,32
00:21:12,79,2301,79.17,89,32
00:21:22,74,2463,47.43,89,32
00:21:32,72,2463,42.78,89,32
00:21:42,80,2431,80.36,89,32
00:21:52,80,2301,81.11,89,32
00:22:02,85,2424,79.88,89,32
00:22:12,83,2340,78.15,89,32
00:22:22,86,2405,78.06,89,32
00:22:32,82,2411,77.33,89,32
00:22:42,87,2424,74.96,89,32
00:22:52,80,2190,74.70,89,32
00:23:02,81,2385,78.00,89,32
00:23:12,83,2379,82.26,89,32
00:23:22,84,2379,75.07,89,32
00:23:33,85,2372,79.91,89,32
00:23:43,81,2398,77.72,89,32
00:23:53,79,2411,84.18,89,32
00:24:03,82,2398,80.27,89,32
00:24:13,81,2405,82.09,89,32
00:24:23,79,2418,83.87,89,32
00:24:33,81,2418,80.40,89,32
00:24:43,81,2392,84.27,89,32
00:24:53,79,2327,80.60,89,32
00:25:03,79,2418,83.07,89,32
00:25:13,80,2411,81.75,89,32
00:25:23,82,2431,82.25,89,32
00:25:33,83,2385,80.63,89,32
00:25:43,85,2405,81.24,89,32
00:25:53,82,2398,82.59,89,32
00:26:03,86,2327,84.93,89,32
00:26:13,82,2424,84.29,89,32
00:26:23,84,2392,80.83,89,32
00:26:33,82,2379,87.30,89,32
00:26:43,81,2431,82.57,89,32
00:26:53,85,2405,85.21,89,32
00:27:03,84,2398,86.32,89,32
00:27:13,79,2398,82.14,89,32
00:27:23,81,2437,83.00,89,32
00:27:33,82,2418,85.67,89,32
00:27:44,80,2418,81.70,89,32
00:27:54,79,2385,77.83,89,32
00:28:04,81,2431,85.27,89,32
00:28:14,85,2411,84.83,89,32
00:28:24,82,2424,86.00,89,32
00:28:34,80,2431,82.74,89,32
00:28:44,80,2424,81.74,89,32
00:28:54,85,2398,85.98,89,32
00:29:04,84,2411,83.20,89,32
00:29:14,81,2431,82.21,89,32
00:29:24,79,2411,84.57,89,32
00:29:34,80,2424,80.84,89,32
00:29:44,78,2301,83.13,89,32
00:29:54,81,2431,82.72,89,32
00:30:04,85,2431,85.18,89,32
00:30:14,82,2372,82.79,89,32
00:30:24,86,2431,82.06,89,32
00:30:34,85,2366,82.53,89,32
00:30:44,80,2411,85.62,89,32
00:30:54,80,2424,83.87,89,32
00:31:04,81,2411,82.79,89,32
00:31:14,81,2424,84.17,89,32
00:31:24,86,2411,84.67,89,32
00:31:34,82,2444,82.41,89,32
00:31:45,86,2418,82.88,89,32
00:31:55,79,2379,82.48,89,32
00:32:05,83,2314,82.54,89,32
00:32:15,83,2431,82.76,89,32
00:32:25,80,2398,84.10,89,32
00:32:35,79,2385,81.01,89,32
00:32:45,81,2405,83.03,89,32
00:32:55,80,2340,81.13,89,32
00:33:05,81,2418,84.17,89,32
00:33:15,80,2333,84.81,89,32
00:33:25,83,2327,81.25,89,32
00:33:35,85,2424,83.71,89,32
00:33:45,81,2379,85.73,89,32
00:33:55,80,2431,83.70,89,32
00:34:05,79,2437,81.51,89,32
00:34:15,80,2398,84.04,89,32
00:34:25,79,2366,77.92,89,32
00:34:35,84,2327,82.83,89,32
00:34:45,83,2418,84.07,89,32
00:34:55,80,2366,82.44,89,32
00:35:05,81,2411,86.55,89,32
00:35:15,82,2418,82.69,89,32
00:35:25,80,2424,83.88,89,32
00:35:36,86,2418,85.13,89,32
00:35:46,81,2431,82.65,89,32
00:35:56,78,2431,81.68,89,32
00:36:06,82,2346,84.12,89,32
00:36:16,84,2411,84.45,89,32
00:36:26,78,2385,78.74,89,32
00:36:36,73,2444,46.02,89,32
00:36:46,72,2444,45.68,89,32
00:36:56,71,2457,45.31,89,32
00:37:06,79,2320,80.55,89,32
00:37:16,79,2379,80.32,89,32
00:37:26,80,2379,79.98,89,32
00:37:36,76,2392,51.75,89,32
00:37:46,75,2450,45.87,89,32
00:37:56,73,2444,45.07,89,32
00:38:06,77,2450,73.13,89,32
00:38:16,81,2424,82.01,89,32
00:38:26,81,2398,81.30,89,32
00:38:36,84,2353,77.16,89,32
00:38:47,80,2424,79.97,89,32
00:38:57,79,2424,78.87,89,32
00:39:07,84,2333,71.26,89,32
00:39:17,87,2424,81.97,89,32
00:39:27,83,2411,81.61,89,32
00:39:37,85,2372,77.31,89,32
00:39:47,81,2379,80.57,89,32
00:39:57,85,2353,83.78,89,32
00:40:07,79,2431,82.04,89,32
00:40:17,80,2346,78.84,89,32
00:40:27,80,2366,83.33,89,32
00:40:37,81,2385,83.36,89,32
00:40:47,85,2424,82.13,89,32
00:40:57,80,2385,86.64,89,32
00:41:07,80,2418,81.65,89,32
00:41:17,81,2398,83.27,89,32
00:41:27,81,2424,82.30,89,32
00:41:37,81,2398,83.91,89,32
00:41:47,86,2411,82.79,89,32
00:41:57,84,2418,81.70,89,32
00:42:07,82,2431,82.74,89,32
00:42:17,84,2398,85.34,89,32
00:42:28,81,2431,82.07,89,32
00:42:38,79,2366,84.68,89,32
00:42:48,81,2424,84.71,89,32
00:42:58,85,2398,86.15,89,32
00:43:08,81,2229,81.87,89,32
00:43:18,83,2431,82.82,89,32
00:43:28,80,2405,82.02,89,32
00:43:38,85,2405,83.57,89,32
00:43:48,81,2392,81.55,89,32
00:43:58,79,2424,85.71,89,32
00:44:08,81,2405,83.99,89,32
00:44:18,85,2418,81.34,89,32
00:44:28,80,2405,77.88,89,32
00:44:38,84,2431,81.11,89,32
00:44:48,81,2385,84.65,89,32
00:44:58,80,2431,82.94,89,32
00:45:08,82,2437,82.55,89,32
00:45:18,84,2359,84.92,89,32
00:45:28,79,2437,83.36,89,32
00:45:38,83,2418,85.82,89,32
00:45:48,80,2366,82.91,89,32
00:45:58,80,2424,83.08,89,32
00:46:08,80,2379,79.14,89,32
00:46:19,81,2385,83.86,89,32
00:46:29,81,2418,84.44,89,32
00:46:39,81,2424,85.02,89,32
00:46:49,79,2242,83.96,89,32
00:46:59,81,2359,81.09,89,32
00:47:09,82,2424,82.40,89,32
00:47:19,85,2431,80.54,89,32
00:47:29,81,2424,82.28,89,32
00:47:39,81,2372,83.56,89,32
00:47:49,81,2431,83.81,89,32
00:47:59,81,2411,82.67,89,32
00:48:09,80,2353,84.70,89,32
00:48:19,79,2411,82.19,89,32
00:48:29,83,2418,79.95,89,32
00:48:39,79,2405,79.74,89,32
00:48:49,81,2385,82.71,89,32
00:48:59,84,2392,84.48,89,32
00:49:09,82,2398,83.14,89,32
00:49:19,80,2424,83.76,89,32
00:49:29,83,2372,84.67,89,32
00:49:39,85,2405,81.64,89,32
00:49:49,79,2424,82.67,89,32
00:49:59,80,2405,81.31,89,32
00:50:09,83,2405,83.98,89,32
00:50:20,85,2424,83.46,89,32
00:50:30,81,2379,81.57,89,32
00:50:40,81,2418,84.46,89,32
00:50:50,84,2242,81.43,89,32
00:51:00,84,2411,84.17,89,32
00:51:10,80,2262,80.88,89,32
00:51:20,80,2411,84.07,89,32
00:51:30,81,2392,81.70,89,32
00:51:40,82,2398,83.25,89,32
00:51:50,85,2418,82.58,89,32
00:52:00,84,2424,84.41,89,32
00:52:10,84,2405,83.02,89,32
00:52:20,79,2379,83.18,89,32
00:52:30,85,2385,83.86,89,32
00:52:40,81,2424,84.41,89,32
00:52:50,83,2424,82.44,89,32
00:53:00,83,2307,84.17,89,32
00:53:10,81,2405,80.72,89,32
00:53:20,86,2418,79.64,89,32
00:53:30,82,2405,83.00,89,32
00:53:40,80,2333,83.82,89,32
00:53:50,80,2431,83.46,89,32
00:54:00,77,2359,80.95,89,32
00:54:10,80,2424,84.48,89,32
00:54:20,79,2398,85.65,89,32
00:54:31,80,2431,80.84,89,32
00:54:41,80,2431,82.56,89,32
00:54:51,79,2437,84.69,89,32
00:55:01,77,2418,81.63,89,32
00:55:11,79,2418,84.06,89,32
00:55:21,86,2301,84.86,89,32
00:55:31,81,2418,83.42,89,32
00:55:41,81,2385,85.46,89,32
00:55:51,79,2431,81.07,89,32
00:56:01,80,2405,82.55,89,32
00:56:11,78,2398,86.16,89,32
00:56:21,82,2366,83.10,89,32
00:56:31,85,2392,79.88,89,32
00:56:41,85,2418,82.12,89,32
00:56:51,74,2405,55.39,89,32
00:57:01,72,2437,45.43,89,32
00:57:11,71,2444,44.72,89,32
00:57:21,72,2444,57.97,89,32
00:57:31,75,2444,50.73,89,32
00:57:41,86,2411,76.72,89,32
00:57:51,78,2249,74.44,89,32
00:58:02,85,2353,79.36,89,32
00:58:12,81,2424,82.63,89,32
00:58:22,74,2437,46.19,89,32
00:58:32,73,2444,45.72,89,32
00:58:42,67,2398,16.59,5,115
00:58:52,61,208,5.96,4,117
00:59:02,58,234,5.79,4,117
00:59:12,57,208,5.68,4,117
00:59:22,56,208,5.57,5,116
00:59:32,56,240,5.63,6,115
00:59:42,57,2405,13.74,31,89
00:59:52,58,2405,14.03,34,87
01:00:02,58,2405,14.08,35,85
01:00:12,58,2405,14.07,36,84
01:00:22,58,2405,14.17,38,83
01:00:32,58,2405,13.75,30,91
01:00:42,58,2405,14.12,31,89
01:00:52,58,2405,14.10,33,88
01:01:02,58,2405,14.03,34,87
01:01:12,58,2405,14.07,35,85
01:01:22,58,2405,14.09,37,84
01:01:33,58,2405,14.09,38,82
01:01:43,58,2405,14.05,30,90
01:01:53,58,2405,13.69,31,90
01:02:03,77,2301,83.31,35,86
01:02:13,62,2450,22.82,35,86
01:02:23,60,2405,14.26,32,88
01:02:33,60,2405,13.91,35,85
01:02:43,63,2405,14.65,59,62
01:02:53,63,2405,14.59,94,26
01:03:03,63,2405,14.55,116,5
[guard] 2026-10-06T01:03:03+02:00 TRIP avail=5G temp=63C: stopping engines
stopping group 884411: 884411 884428 884927 884928 887797 884428 884927 884928 887797 887799 887802 888069 888070 887801 887806 888101 888103 887803 887805 888048 888049 887804 887810 888078 888079 887807 887812 888086 888087 887809 887814 888088 888089 887811 887818 888094 888095 887813 887817 888104 888105 887815 887826 888135 888136 887819 887828 888090 888091 887821 887830 888076 888077 887824 887831 888129 888130 887827 887838 888100 888102 887829 887839 888084 888085 887835 887840 888127 888128 887837 887849 888133 888134 
SIGKILL 884411 (vllm)
SIGKILL 884428 (bash)
SIGKILL 884428 ()
/home/ateliernum/LlmOnLan/docs/spike/stop_vllm.sh: line 18: kill: (884428) - No such process
no vllm/EngineCore processes left
no /home/ateliernum/lol-spike/run/llama.pid
01:03:45,50,208,5.31,4,117
01:03:56,50,208,5.30,4,117
01:04:06,49,253,5.25,4,117
01:04:16,49,208,5.20,4,117
01:04:26,48,247,5.13,4,117
01:04:36,48,247,5.13,4,117
01:04:46,47,208,5.10,4,117
01:04:56,47,247,5.04,4,117
01:05:06,47,240,5.03,4,117
01:05:16,46,208,5.11,4,117
01:05:26,46,234,5.25,4,117
01:05:36,46,240,5.02,4,117
01:05:46,46,208,5.36,5,116
01:05:56,47,247,5.48,7,114
01:06:06,49,2418,12.78,33,87
01:06:16,50,2411,12.85,35,86
01:06:26,50,2411,12.92,36,85
01:06:36,51,2418,13.02,37,83
01:06:46,51,2418,12.66,29,91
01:06:56,51,2411,12.89,31,90
01:07:06,52,2411,13.06,33,88
01:07:16,52,2411,13.04,34,87
01:07:26,52,2418,13.11,36,85
01:07:36,52,2411,13.12,37,83
01:07:46,52,2411,13.00,36,85
01:07:56,53,2405,12.81,30,91
01:08:06,72,2353,97.15,34,87
01:08:16,57,2405,13.54,35,86
01:08:27,57,2405,13.49,46,74
01:08:37,57,2405,13.43,55,66
01:08:47,57,2405,13.40,34,87
01:08:57,57,2405,13.40,38,83
01:09:07,57,2405,13.44,51,70
01:09:17,57,2405,13.41,56,65
01:09:27,57,2405,13.42,35,86
01:09:37,57,2405,13.48,41,80
01:09:47,57,2405,13.49,51,69
01:09:57,57,2405,13.45,45,76
01:10:07,57,2405,13.46,36,84
01:10:17,57,2405,13.49,45,76
01:10:27,57,2405,13.50,55,66
01:10:37,57,2405,13.54,45,75
01:10:47,57,2405,13.45,34,87
01:10:57,56,2405,18.99,93,28
01:11:07,62,2431,63.87,93,28
01:11:17,67,2398,57.22,91,30
01:11:27,62,2411,14.58,93,27
01:11:37,63,2418,19.85,93,27
01:11:47,61,2424,24.68,93,28
01:11:57,60,2418,19.30,92,29
01:12:07,63,2431,28.32,92,29
01:12:17,62,2476,29.82,92,28
01:12:28,59,2411,14.01,93,28
01:12:38,61,2502,34.40,93,28
01:12:48,62,2483,34.76,93,28
01:12:58,63,2483,35.08,93,28
01:13:08,64,2483,35.24,93,28
01:13:18,65,2483,35.35,93,28
01:13:28,65,2483,35.59,93,28
01:13:38,66,2483,35.75,93,28
01:13:48,66,2483,35.74,93,28
01:13:58,66,2483,35.79,93,28
01:14:08,67,2483,35.87,93,28
01:14:18,67,2483,36.05,93,28
01:14:28,67,2483,35.36,93,28
01:14:39,67,2483,36.04,93,28
01:14:49,67,2483,36.12,93,28
01:14:59,67,2483,36.22,93,28
01:15:09,67,2483,36.17,93,28
01:15:19,68,2483,36.28,93,28
01:15:29,68,2483,36.28,93,28
01:15:39,68,2483,36.36,93,28
01:15:49,68,2483,36.35,93,28
01:15:59,68,2483,36.37,93,28
01:16:09,68,2483,36.47,93,28
01:16:19,68,2483,36.48,93,28
01:16:29,69,2483,36.48,93,28
01:16:39,69,2483,35.88,93,28
01:16:50,69,2483,36.66,93,28
01:17:00,69,2483,36.53,93,28
01:17:10,69,2483,36.63,93,28
01:17:20,69,2483,36.58,93,28
01:17:30,69,2483,36.61,93,28
01:17:40,69,2483,36.69,93,28
01:17:50,69,2483,36.68,93,28
01:18:00,69,2483,36.71,93,28
01:18:10,69,2483,36.92,93,28
01:18:20,69,2483,36.82,93,28
01:18:30,70,2483,36.82,93,28
01:18:40,70,2483,36.77,93,28
01:18:50,70,2483,36.13,93,28
01:19:01,70,2483,36.90,93,28
01:19:11,70,2483,36.87,93,28
01:19:21,70,2483,36.94,93,28
01:19:31,70,2483,36.91,93,28
01:19:41,70,2483,36.97,93,28
01:19:51,70,2483,36.91,93,28
01:20:01,71,2483,36.92,93,28
01:20:11,70,2483,36.99,93,28
01:20:21,70,2483,37.01,93,28
01:20:31,70,2483,36.97,93,28
01:20:41,70,2483,37.01,93,28
01:20:51,71,2483,37.03,93,28
01:21:02,70,2483,36.31,93,28
01:21:12,70,2483,37.03,93,28
01:21:22,71,2483,37.08,93,28
01:21:32,71,2483,37.17,93,28
01:21:42,70,2483,37.16,93,28
01:21:52,71,2483,37.10,93,28
01:22:02,71,2483,37.04,93,28
01:22:12,71,2483,36.98,93,28
01:22:22,71,2483,37.13,93,28
01:22:32,71,2483,37.07,93,28
01:22:42,71,2483,37.05,93,28
01:22:52,71,2483,37.03,93,28
01:23:02,71,2483,36.97,93,28
01:23:13,71,2483,36.44,93,28
01:23:23,71,2483,37.09,93,28
01:23:33,71,2483,37.05,93,28
01:23:43,71,2483,37.16,93,28
01:23:53,71,2483,37.16,93,28
01:24:03,71,2483,37.24,93,28
01:24:13,71,2463,37.23,93,28
01:24:23,71,2483,37.35,93,28
01:24:33,71,2483,37.40,93,28
01:24:43,71,2483,37.32,93,28
01:24:53,72,2483,37.32,93,28
01:25:03,72,2483,37.42,93,28
01:25:13,72,2483,37.39,93,28
01:25:24,71,2483,36.64,93,28
01:25:34,71,2483,37.32,93,28
01:25:44,72,2463,37.50,93,28
01:25:54,72,2463,37.32,93,28
01:26:04,72,2483,37.35,93,28
01:26:14,72,2483,37.50,93,28
01:26:24,72,2463,37.50,93,28
01:26:34,72,2463,37.50,93,28
01:26:44,72,2463,37.48,93,28
01:26:54,72,2463,37.39,93,28
01:27:04,72,2463,37.32,93,28
01:27:14,72,2463,37.42,93,28
01:27:25,72,2463,37.34,93,28
01:27:35,72,2463,36.65,93,28
01:27:45,72,2463,37.36,93,28
01:27:55,72,2463,37.36,93,28
01:28:05,72,2463,37.34,93,28
01:28:15,72,2463,37.26,93,28
01:28:25,72,2463,37.31,93,28
01:28:35,72,2463,37.35,93,28
01:28:45,72,2463,37.38,93,28
01:28:55,72,2463,37.38,93,28
01:29:05,72,2463,37.35,93,28
01:29:15,72,2483,37.35,93,28
01:29:25,72,2463,37.32,93,28
01:29:36,72,2463,37.35,93,28
01:29:46,72,2463,36.62,93,28
01:29:56,72,2463,37.32,93,28
01:30:06,72,2463,37.40,93,28
01:30:16,72,2463,37.39,93,28
01:30:26,72,2463,37.34,93,28
01:30:36,72,2463,37.38,93,28
01:30:46,72,2463,37.43,93,28
01:30:56,72,2463,37.42,93,28
01:31:06,72,2463,37.37,93,28
01:31:16,72,2463,37.34,93,28
01:31:26,72,2463,37.42,93,28
01:31:36,72,2463,37.54,93,28
01:31:47,72,2463,37.42,93,28
01:31:57,72,2463,36.69,93,28
01:32:07,72,2463,37.39,93,28
01:32:17,72,2463,37.46,93,28
01:32:27,72,2463,37.48,93,28
01:32:37,71,2483,40.17,93,28
01:32:47,72,2483,40.42,93,28
01:32:57,72,2463,40.49,93,28
01:33:07,73,2463,40.48,93,28
01:33:17,73,2463,40.54,93,28
01:33:27,73,2463,40.52,93,28
01:33:37,73,2463,40.67,93,28
01:33:48,73,2463,40.61,93,28
01:33:58,73,2463,40.66,93,28
01:34:08,73,2463,39.71,93,28
01:34:18,73,2463,40.65,93,28
01:34:28,73,2463,40.77,93,28
01:34:38,73,2463,40.78,93,28
01:34:48,73,2463,40.77,93,28
01:34:58,73,2463,40.74,93,28
01:35:08,73,2463,40.68,93,28
01:35:18,73,2463,40.72,93,28
01:35:28,73,2463,40.88,93,28
01:35:38,73,2463,40.82,93,28
01:35:48,74,2463,40.83,93,28
01:35:59,73,2463,40.83,93,28
01:36:09,74,2463,40.77,93,28
01:36:19,74,2463,39.93,93,28
01:36:29,74,2463,40.93,93,28
01:36:39,74,2463,40.90,93,28
01:36:49,74,2463,40.81,93,28
01:36:59,74,2463,40.88,93,28
01:37:09,74,2463,40.83,93,28
01:37:19,74,2463,40.92,93,28
01:37:29,74,2463,40.90,93,28
01:37:39,74,2463,40.89,93,28
01:37:49,75,2463,40.75,93,28
01:38:00,75,2463,40.99,93,28
01:38:10,75,2463,41.27,93,28
01:38:20,75,2463,41.19,93,28
01:38:30,74,2463,41.09,93,28
01:38:40,74,2463,41.08,93,28
01:38:50,74,2463,41.12,93,28
01:39:00,74,2463,41.16,93,28
01:39:10,74,2463,41.08,93,28
01:39:20,74,2463,41.07,93,28
01:39:30,74,2463,41.03,93,28
01:39:40,81,2372,84.14,93,28
01:39:50,71,2398,21.73,93,28
01:40:00,83,2379,80.85,93,28
01:40:10,75,2463,41.14,93,28
01:40:21,75,2463,40.95,93,28
01:40:31,75,2463,41.09,93,28
01:40:41,75,2463,41.14,93,28
01:40:51,75,2463,41.28,93,28
01:41:01,75,2463,41.10,93,28
01:41:11,75,2463,41.12,93,28
01:41:21,75,2463,41.20,93,28
01:41:31,76,2463,41.73,93,28
01:41:41,75,2463,38.14,93,28
01:41:51,73,2463,37.76,93,28
01:42:01,72,2483,37.41,93,28
01:42:11,72,2483,37.36,93,28
01:42:21,71,2483,57.49,93,28
01:42:32,72,2470,37.41,93,28
01:42:42,70,2483,37.05,93,28
01:42:52,69,2483,36.88,93,28
01:43:02,69,2483,36.53,93,28
01:43:12,69,2483,39.64,93,28
01:43:22,79,2405,84.13,93,28
01:43:32,71,2483,37.58,93,28
01:43:42,70,2483,37.26,93,28
01:43:52,69,2483,37.04,93,28
01:44:02,69,2483,36.91,93,28
01:44:12,69,2483,39.72,93,28
01:44:22,69,2483,37.02,93,28
01:44:32,72,2457,51.78,93,28
01:44:43,70,2483,37.21,93,28
01:44:53,69,2483,36.94,93,28
01:45:03,68,2483,36.81,93,28
01:45:13,68,2483,36.69,93,28
01:45:23,67,2483,35.84,93,28
01:45:33,76,2405,79.53,93,28
01:45:43,79,2392,83.21,93,28
01:45:53,81,2392,81.93,93,28
01:46:03,71,2483,38.40,93,28
01:46:13,70,2483,38.07,93,28
01:46:23,69,2483,37.90,93,28
01:46:33,68,2483,37.82,93,28
01:46:43,75,2470,61.32,93,28
01:46:53,78,2398,69.63,93,28
01:47:04,72,2463,40.04,93,28
01:47:14,79,2398,57.08,93,28
01:47:24,78,2405,80.90,93,28
01:47:34,70,2483,38.07,93,28
01:47:44,69,2483,37.11,93,28
01:47:54,68,2483,37.78,93,28
01:48:04,68,2483,37.48,93,28
01:48:14,67,2483,36.30,93,28
01:48:24,67,2483,39.17,93,28
01:48:34,78,2392,83.75,93,28
01:48:44,79,2392,82.76,93,28
01:48:54,81,2385,81.90,93,28
01:49:04,81,2392,80.97,93,28
01:49:14,82,2385,81.31,93,28
01:49:25,74,2463,41.35,93,28
01:49:35,72,2463,40.91,93,28
01:49:45,71,2483,40.64,93,28
01:49:55,70,2483,39.56,93,28
01:50:05,77,2398,68.64,93,28
01:50:15,72,2411,52.62,93,28
01:50:25,72,2405,52.21,93,28
01:50:35,79,2405,79.91,93,28
01:50:45,82,2392,80.07,93,28
01:50:55,81,2379,81.39,93,28
01:51:05,75,2463,48.26,93,28
01:51:15,82,2392,80.17,93,28
01:51:25,74,2463,41.46,93,28
01:51:35,72,2463,40.91,93,28
01:51:46,71,2483,40.73,93,28
01:51:56,71,2483,40.65,93,28
01:52:06,70,2483,39.45,93,28
01:52:16,70,2483,40.41,93,28
01:52:26,68,2483,36.67,93,28
01:52:36,68,2483,39.40,93,28
01:52:46,78,2411,80.26,93,28
01:52:56,80,2411,81.62,93,28
01:53:06,80,2483,71.24,93,28
01:53:16,72,2463,40.26,93,28
01:53:26,71,2483,39.97,93,28
01:53:36,70,2483,39.76,93,28
01:53:46,69,2483,39.68,93,28
01:53:57,69,2483,39.62,93,28
01:54:07,69,2483,39.48,93,28
01:54:17,68,2483,38.79,93,28
01:54:27,68,2483,39.24,93,28
01:54:37,68,2483,39.13,93,28
01:54:47,68,2483,39.24,93,28
01:54:57,68,2483,39.19,93,28
01:55:07,67,2483,39.17,93,28
01:55:17,67,2483,39.13,93,28
01:55:27,67,2483,39.05,93,28
01:55:37,67,2483,38.99,93,28
01:55:47,67,2483,38.90,93,28
01:55:57,67,2483,38.89,93,28
01:56:08,67,2483,38.83,93,28
01:56:18,75,2405,79.89,93,28
01:56:28,67,2483,36.30,93,28
01:56:38,66,2483,36.81,93,28
01:56:48,66,2483,36.80,93,28
01:56:58,66,2483,36.69,93,28
01:57:08,65,2483,36.58,93,28
01:57:18,66,2483,36.61,93,28
01:57:28,67,2483,36.84,93,28
01:57:38,67,2483,37.15,93,28
01:57:48,70,2483,37.60,93,28
01:57:58,70,2483,37.67,93,28
01:58:08,71,2483,37.91,93,28
01:58:19,72,2483,38.06,93,28
01:58:29,72,2463,38.10,93,28
01:58:39,73,2463,37.51,93,28
01:58:49,73,2463,38.35,93,28
01:58:59,74,2463,38.60,93,28
01:59:09,74,2463,38.74,93,28
01:59:19,74,2463,38.23,93,28
01:59:29,74,2463,38.17,93,28
01:59:39,74,2463,40.88,93,28
01:59:49,78,2392,64.07,93,28
01:59:59,74,2463,39.55,93,28
02:00:09,72,2463,39.10,93,28
02:00:19,71,2483,38.83,93,28
02:00:30,70,2483,38.58,93,28
02:00:40,70,2476,38.43,93,28
02:00:50,69,2483,38.32,93,28
02:01:00,69,2483,38.22,93,28
02:01:10,68,2483,38.06,93,28
02:01:20,69,2483,38.46,93,28
02:01:30,69,2483,38.30,93,28
02:01:40,69,2483,38.23,93,28
02:01:50,69,2450,59.58,93,28
02:02:00,69,2483,38.18,93,28
02:02:10,68,2483,38.07,93,28
02:02:20,68,2483,37.96,93,28
02:02:31,67,2483,37.83,93,28
02:02:41,67,2483,37.76,93,28
02:02:51,67,2483,37.72,93,28
02:03:01,67,2483,37.63,93,28
02:03:11,66,2483,36.73,93,28
02:03:21,66,2483,36.16,93,28
02:03:31,73,2483,71.32,93,28
02:03:41,77,2366,83.93,93,28
02:03:51,71,2476,40.18,93,28
02:04:01,69,2476,39.87,93,28
02:04:11,68,2476,39.72,93,28
02:04:21,68,2476,39.58,93,28
02:04:31,67,2476,39.54,93,28
02:04:41,67,2476,39.44,93,28
02:04:52,67,2476,39.35,93,28
02:05:02,67,2476,39.09,93,28
02:05:12,67,2476,39.11,93,28
02:05:22,67,2476,39.22,93,28
02:05:32,74,2405,69.62,93,28
02:05:42,69,2476,54.28,93,28
02:05:52,69,2476,39.90,93,28
02:06:02,69,2476,45.14,93,28
02:06:12,69,2476,39.97,93,28
02:06:22,69,2476,39.59,93,28
02:06:32,68,2476,39.50,93,28
02:06:42,67,2476,39.49,93,28
02:06:52,67,2476,39.29,93,28
02:07:03,67,2476,39.33,93,28
02:07:13,67,2476,39.23,93,28
02:07:23,66,2476,39.00,93,28
02:07:33,66,2476,38.80,93,28
02:07:43,66,2483,38.49,93,28
02:07:53,66,2483,38.32,93,28
02:08:03,65,2483,36.44,93,28
02:08:13,65,2483,35.86,93,28
02:08:23,75,2405,84.87,93,28
02:08:33,78,2405,84.49,93,28
02:08:43,82,2392,83.89,93,28
02:08:53,82,2385,82.92,93,28
02:09:03,73,2457,44.58,93,28
02:09:13,73,2457,44.18,93,28
02:09:23,71,2476,44.01,93,28
02:09:34,70,2476,43.75,93,28
02:09:44,70,2476,43.67,93,28
02:09:54,70,2476,43.57,93,28
02:10:04,69,2476,43.43,93,28
02:10:14,69,2476,43.31,93,28
02:10:24,69,2476,43.37,93,28
02:10:34,69,2476,43.38,93,28
02:10:44,69,2476,43.34,93,28
02:10:54,75,2405,72.97,93,28
02:11:04,77,2418,81.61,93,28
02:11:14,76,2379,81.63,93,28
02:11:24,70,2476,43.67,93,28
02:11:34,78,2405,81.52,93,28
02:11:44,75,2444,58.85,93,28
02:11:54,78,2405,76.23,93,28
02:12:05,78,2405,75.07,93,28
02:12:15,79,2398,81.21,93,28
02:12:25,72,2470,44.20,93,28
02:12:35,71,2476,44.09,93,28
02:12:45,70,2476,43.91,93,28
02:12:55,70,2476,43.58,93,28
02:13:05,70,2476,43.58,93,28
02:13:15,69,2476,43.60,93,28
02:13:25,69,2476,43.46,93,28
02:13:35,69,2476,43.24,93,28
02:13:45,69,2476,43.28,93,28
02:13:55,68,2476,42.75,93,28
02:14:05,68,2476,42.65,93,28
02:14:16,68,2476,42.35,93,28
02:14:26,67,2476,39.13,93,28
02:14:36,67,2483,37.49,93,28
02:14:46,66,2483,36.21,93,28
02:14:56,76,2411,86.67,93,28
02:15:06,74,2431,38.98,93,28
02:15:16,70,2483,39.92,93,28
02:15:26,79,2392,86.64,93,28
02:15:36,73,2463,40.68,93,28
02:15:46,71,2483,40.16,93,28
02:15:56,77,2398,84.58,93,28
02:16:06,80,2392,89.25,93,28
02:16:16,72,2463,40.33,93,28
02:16:26,71,2483,40.06,93,28
02:16:37,78,2398,77.65,93,28
02:16:47,80,2398,89.36,93,28
02:16:57,82,2385,86.28,93,28
02:17:07,74,2463,38.57,93,28
02:17:17,72,2463,37.84,93,28
02:17:27,80,2398,84.50,93,28
02:17:37,82,2398,89.90,93,28
02:17:47,81,2385,85.72,93,28
02:17:57,83,2418,89.43,93,28
02:18:07,73,2463,38.24,93,28
02:18:17,71,2483,37.74,93,28
02:18:27,81,2385,87.43,93,28
02:18:37,81,2398,88.41,93,28
02:18:47,82,2385,87.69,93,28
02:18:57,85,2346,86.61,93,28
02:19:07,83,2392,88.23,93,28
02:19:17,83,2366,88.17,93,28
02:19:27,74,2463,38.94,93,28
02:19:38,71,2476,38.25,93,28
02:19:48,82,2398,87.46,93,28
02:19:58,73,2463,38.78,93,28
02:20:08,82,2392,88.29,93,28
02:20:18,84,2385,86.67,93,28
02:20:28,84,2392,89.55,93,28
02:20:38,83,2385,85.96,93,28
02:20:48,82,2398,89.17,93,28
02:20:58,73,2463,38.73,93,28
02:21:08,72,2483,40.42,93,28
02:21:18,78,2392,82.92,93,28
02:21:28,77,2444,82.61,93,28
02:21:38,84,2385,88.67,93,28
02:21:48,84,2359,84.84,93,28
02:21:58,86,2379,86.67,93,28
02:22:08,85,2372,86.01,93,28
02:22:18,84,2379,84.56,93,28
02:22:28,86,2398,86.93,93,28
02:22:38,83,2385,84.97,93,28
02:22:49,83,2379,83.02,93,28
02:22:59,85,2346,85.82,93,28
02:23:09,86,2385,86.21,93,28
02:23:19,76,2385,66.52,93,28
02:23:29,79,2392,72.15,93,28
02:23:39,82,2392,85.92,93,28
02:23:49,82,2385,82.48,93,28
02:23:59,84,2379,86.96,93,28
02:24:09,85,2392,86.63,93,28
02:24:19,76,2450,39.82,93,28
02:24:29,85,2392,87.90,93,28
02:24:39,83,2353,83.45,93,28
02:24:49,84,2379,85.95,93,28
02:24:59,86,2379,86.43,93,28
02:25:09,83,2385,84.26,93,28
02:25:19,86,2398,88.04,93,28
02:25:29,83,2392,85.42,93,28
02:25:39,75,2450,39.52,93,28
02:25:49,72,2457,38.22,93,28
02:26:00,70,2470,37.51,93,28
02:26:10,70,2483,39.86,93,28
02:26:20,72,2463,39.34,93,28
02:26:30,72,2463,40.35,93,28
02:26:40,72,2483,40.34,93,28
02:26:50,73,2405,48.30,93,28
02:27:00,72,2463,40.37,93,28
02:27:10,72,2463,40.34,93,28
02:27:20,80,2392,80.86,93,28
02:27:30,76,2463,52.57,93,28
02:27:40,73,2463,37.92,93,28
02:27:50,71,2483,37.58,93,28
02:28:01,71,2483,37.71,93,28
02:28:11,79,2398,83.11,93,28
02:28:21,72,2483,37.73,93,28
02:28:31,71,2483,36.91,93,28
02:28:41,70,2483,37.07,93,28
02:28:51,69,2483,36.76,93,28
02:29:01,69,2483,39.47,93,28
02:29:11,79,2372,82.93,93,28
02:29:21,80,2392,82.74,93,28
02:29:31,73,2463,39.12,93,28
02:29:41,72,2483,38.61,93,28
02:29:51,78,2470,51.14,93,28
02:30:01,71,2483,38.47,93,28
02:30:11,78,2398,79.10,93,28
02:30:21,72,2463,48.47,93,28
02:30:32,73,2463,38.98,93,28
02:30:42,73,2463,38.19,93,28
02:30:52,71,2483,38.11,93,28
02:31:02,70,2483,37.86,93,28
02:31:12,69,2483,36.37,93,28
02:31:22,77,2398,84.57,93,28
02:31:32,80,2392,82.95,93,28
02:31:42,81,2379,82.71,93,28
02:31:52,83,2379,82.64,93,28
02:32:02,83,2385,81.28,93,28
02:32:12,77,2463,42.18,93,28
02:32:22,78,2444,62.79,93,28
02:32:32,81,2392,80.44,93,28
02:32:42,79,2398,69.69,93,28
02:32:52,81,2392,79.28,93,28
02:33:02,80,2385,79.52,93,28
02:33:13,75,2463,41.82,93,28
02:33:23,76,2437,41.94,93,28
02:33:33,79,2463,61.22,93,28
02:33:43,81,2392,80.08,93,28
02:33:53,82,2385,80.69,93,28
02:34:03,74,2463,41.63,93,28
02:34:13,73,2463,41.32,93,28
02:34:23,72,2463,38.47,93,28
02:34:33,71,2483,38.01,93,28
02:34:43,70,2483,37.74,93,28
02:34:53,79,2398,86.46,93,28
02:35:03,82,2379,87.20,93,28
02:35:13,85,2398,91.69,93,28
02:35:23,82,2385,88.67,93,28
02:35:33,74,2463,41.10,93,28
02:35:44,81,2392,86.96,93,28
02:35:54,83,2398,90.98,93,28
02:36:04,83,2392,87.22,93,28
02:36:14,82,2385,90.35,93,28
02:36:24,73,2463,41.00,93,28
02:36:34,71,2483,40.42,93,28
02:36:44,80,2385,86.14,93,28
02:36:54,83,2392,91.07,93,28
02:37:04,83,2372,88.43,93,28
02:37:14,76,2463,41.01,93,28
02:37:24,73,2463,40.83,93,28
02:37:34,71,2463,40.20,93,28
02:37:44,81,2379,88.27,93,28
02:37:54,86,2398,92.39,93,28
02:38:04,85,2372,89.00,93,28
02:38:14,83,2379,85.09,93,28
02:38:24,83,2398,89.44,93,28
02:38:34,85,2385,88.47,93,28
02:38:44,82,2372,88.15,93,28
02:38:55,73,2463,38.77,93,28
02:39:05,71,2483,38.25,93,28
02:39:15,70,2483,38.93,93,28
02:39:25,82,2444,78.65,93,28
02:39:35,85,2405,90.35,93,28
02:39:45,84,2392,89.15,93,28
02:39:55,74,2463,39.05,93,28
02:40:05,82,2392,86.70,93,28
02:40:15,83,2385,88.59,93,28
02:40:25,85,2392,90.77,93,28
02:40:35,74,2463,39.21,93,28
02:40:45,71,2483,38.18,93,28
02:40:55,70,2483,40.12,93,28
02:41:05,77,2398,83.80,93,28
02:41:15,83,2398,90.21,93,28
02:41:25,83,2359,88.25,93,28
02:41:35,86,2385,91.98,93,28
02:41:45,83,2385,87.97,93,28
02:41:56,86,2359,87.54,93,28
02:42:06,83,2366,88.64,93,28
02:42:16,86,2405,91.49,93,28
02:42:26,85,2392,88.33,93,28
02:42:36,84,2366,87.21,93,28
02:42:46,85,2392,88.96,93,28
02:42:56,82,2392,84.81,93,28
02:43:06,84,2392,88.76,93,28
02:43:16,82,2392,87.10,93,28
02:43:26,86,2392,87.89,93,28
02:43:36,74,2457,39.62,93,28
02:43:46,71,2476,38.90,93,28
02:43:56,79,2398,83.84,93,28
02:44:06,84,2398,88.08,93,28
02:44:16,78,2424,84.48,93,28
02:44:26,83,2392,88.02,93,28
02:44:36,85,2392,87.03,93,28
02:44:46,86,2392,88.43,93,28
02:44:56,84,2366,88.08,93,28
02:45:06,85,2385,88.51,93,28
02:45:16,86,2379,87.48,93,28
02:45:27,83,2405,89.67,93,28
02:45:37,84,2392,88.66,93,28
02:45:47,82,2385,82.69,93,28
02:45:57,83,2385,86.45,93,28
02:46:07,85,2398,87.87,93,28
02:46:17,83,2379,90.64,93,28
02:46:27,74,2457,39.79,93,28
02:46:37,71,2476,38.24,93,28
02:46:47,70,2483,37.78,93,28
02:46:57,78,2398,87.25,93,28
02:47:07,82,2385,88.40,93,28
02:47:17,87,2398,91.08,93,28
02:47:27,83,2385,89.48,93,28
02:47:37,84,2392,90.89,93,28
02:47:47,85,2359,88.68,93,28
02:47:57,86,2392,92.05,93,28
02:48:07,85,2392,90.92,93,28
02:48:17,83,2392,89.80,93,28
02:48:27,80,2398,81.80,93,28
02:48:37,72,2463,40.46,93,28
02:48:48,84,2385,89.53,93,28
02:48:58,86,2405,92.07,93,28
02:49:08,85,2359,85.54,93,28
02:49:18,84,2398,90.55,93,28
02:49:28,86,2392,90.21,93,28
02:49:38,82,2385,90.41,93,28
02:49:48,85,2385,91.23,93,28
02:49:58,85,2385,90.39,93,28
02:50:08,82,2392,90.54,93,28
02:50:18,73,2463,41.23,93,28
02:50:28,71,2483,40.75,93,28
02:50:38,80,2346,86.11,93,28
02:50:48,82,2385,90.50,93,28
02:50:58,85,2392,90.00,93,28
02:51:08,85,2359,88.63,93,28
02:51:18,85,2398,91.76,93,28
02:51:28,85,2385,89.42,93,28
02:51:38,85,2379,92.00,93,28
02:51:48,85,2359,89.58,93,28
02:51:58,82,2405,92.16,93,28
02:52:08,74,2463,41.71,93,28
02:52:19,72,2483,40.86,93,28
02:52:29,70,2483,40.40,93,28
02:52:39,69,2483,36.00,93,28
02:52:49,69,2483,36.46,93,28
02:52:59,69,2483,36.55,93,28
02:53:09,69,2483,36.60,93,28
02:53:19,69,2483,36.66,93,28
02:53:29,69,2483,36.67,93,28
02:53:39,70,2483,36.67,93,28
02:53:49,70,2483,36.68,93,28
02:53:59,69,2483,36.10,93,28
02:54:09,70,2483,36.74,93,28
02:54:19,70,2483,36.75,93,28
02:54:30,70,2483,36.74,93,28
02:54:40,70,2483,36.76,93,28
02:54:50,70,2483,36.78,93,28
02:55:00,70,2483,36.80,93,28
02:55:10,70,2483,36.77,93,28
02:55:20,70,2483,36.80,93,28
02:55:30,70,2483,36.69,93,28
02:55:40,70,2483,36.90,93,28
02:55:50,70,2483,36.81,93,28
02:56:00,78,2431,47.41,93,28
02:56:10,70,2483,36.55,93,28
02:56:20,70,2483,36.76,93,28
02:56:30,71,2483,37.03,93,28
02:56:41,71,2483,47.35,93,28
02:56:51,72,2483,40.23,93,28
02:57:01,72,2483,40.20,93,28
02:57:11,80,2405,74.11,93,28
02:57:21,79,2340,83.67,93,28
02:57:31,84,2379,84.96,93,28
02:57:41,84,2379,83.72,93,28
02:57:51,85,2392,82.85,93,28
02:58:01,86,2385,81.77,93,28
02:58:11,84,2385,80.13,93,28
02:58:21,82,2392,79.35,93,28
02:58:31,83,2385,79.07,93,28
02:58:41,83,2392,79.09,93,28
02:58:51,81,2398,76.17,93,28
02:59:01,81,2385,77.04,93,28
02:59:11,75,2463,48.42,93,28
02:59:22,74,2463,48.15,93,28
02:59:32,73,2463,47.83,93,28
02:59:42,73,2463,47.69,93,28
02:59:52,74,2463,47.80,93,28
03:00:02,75,2450,48.16,93,28
03:00:12,81,2457,64.22,93,28
03:00:22,78,2463,51.98,93,28
03:00:32,82,2398,76.01,93,28
03:00:42,82,2385,76.16,93,28
03:00:52,81,2398,76.48,93,28
03:01:02,81,2392,75.91,93,28
03:01:12,82,2385,77.09,93,28
03:01:22,83,2398,76.12,93,28
03:01:32,84,2385,77.27,93,28
03:01:43,85,2379,76.52,93,28
03:01:53,84,2379,78.52,93,28
03:02:03,84,2379,77.69,93,28
03:02:13,84,2405,71.49,93,28
03:02:23,79,2463,49.96,93,28
03:02:33,78,2463,49.30,93,28
03:02:43,77,2463,48.94,93,28
03:02:53,76,2463,48.76,93,28
03:03:03,75,2463,48.51,93,28
03:03:13,75,2463,48.78,93,28
03:03:23,74,2463,48.40,93,28
03:03:33,73,2457,44.76,93,28
03:03:43,73,2450,43.86,93,28
03:03:53,71,2483,40.82,93,28
03:04:03,70,2483,36.95,93,28
03:04:14,72,2483,40.42,93,28
03:04:24,80,2392,73.14,93,28
03:04:34,74,2463,41.17,93,28
03:04:44,82,2372,85.69,93,28
03:04:54,83,2392,85.93,93,28
03:05:04,83,2392,84.88,93,28
03:05:14,86,2392,84.53,93,28
03:05:24,85,2385,82.97,93,28
03:05:34,82,2398,81.56,93,28
03:05:44,82,2398,80.07,93,28
03:05:54,83,2392,79.86,93,28
03:06:04,75,2457,52.68,93,28
03:06:14,75,2457,52.26,93,28
03:06:24,74,2457,52.13,93,28
03:06:34,74,2457,52.18,93,28
03:06:45,74,2457,52.38,93,28
03:06:55,75,2457,52.53,93,28
03:07:05,76,2457,52.54,93,28
03:07:15,76,2457,52.63,93,28
03:07:25,77,2457,52.51,93,28
03:07:35,77,2457,52.88,93,28
03:07:45,78,2457,53.01,93,28
03:07:55,77,2457,53.12,93,28
03:08:05,77,2457,53.08,93,28
03:08:15,78,2457,52.98,93,28
03:08:25,79,2457,53.16,93,28
03:08:36,78,2457,53.13,93,28
03:08:46,82,2392,78.39,93,28
03:08:56,85,2457,68.65,93,28
03:09:06,84,2398,79.74,93,28
03:09:16,83,2418,68.30,93,28
03:09:26,84,2392,76.50,93,28
03:09:36,85,2385,71.85,93,28
03:09:46,84,2398,79.72,93,28
03:09:56,80,2450,54.62,93,28
03:10:06,79,2398,64.79,93,28
03:10:16,79,2457,53.56,93,28
03:10:26,83,2385,77.84,93,28
03:10:36,82,2392,75.04,93,28
03:10:46,84,2385,80.76,93,28
03:10:56,79,2457,54.06,93,28
03:11:06,83,2398,79.71,93,28
03:11:17,79,2457,59.70,93,28
03:11:27,78,2457,53.42,93,28
03:11:37,77,2457,53.00,93,28
03:11:47,77,2457,52.79,93,28
03:11:57,77,2457,52.64,93,28
03:12:07,75,2457,52.65,93,28
03:12:17,76,2457,52.30,93,28
03:12:27,76,2457,52.35,93,28
03:12:37,75,2457,52.29,93,28
03:12:47,74,2457,51.92,93,28
03:12:57,74,2457,52.20,93,28
03:13:07,74,2457,52.12,93,28
03:13:17,74,2457,52.29,93,28
03:13:28,74,2457,52.55,93,28
03:13:38,74,2457,52.40,93,28
03:13:48,74,2457,52.34,93,28
03:13:58,73,2450,47.75,93,28
03:14:08,72,2450,46.52,93,28
03:14:18,71,2476,43.52,93,28
03:14:28,70,2476,39.76,93,28
03:14:38,69,2483,37.60,93,28
03:14:48,69,2483,39.63,93,28
03:14:58,76,2483,59.12,93,28
03:15:08,80,2398,83.99,93,28
03:15:18,81,2392,83.78,93,28
03:15:28,82,2385,82.88,93,28
03:15:38,83,2385,82.17,93,28
03:15:48,80,2405,76.92,93,28
03:15:58,84,2398,81.14,93,28
03:16:09,83,2398,80.99,93,28
03:16:19,84,2398,79.34,93,28
03:16:29,84,2392,79.76,93,28
03:16:39,82,2392,78.45,93,28
03:16:49,81,2398,77.41,93,28
03:16:59,82,2392,77.32,93,28
03:17:09,78,2457,51.67,93,28
03:17:19,77,2457,51.40,93,28
03:17:29,77,2457,51.27,93,28
03:17:39,75,2457,50.95,93,28
03:17:49,76,2457,50.85,93,28
03:17:59,74,2457,50.66,93,28
03:18:09,74,2457,50.52,93,28
03:18:19,74,2457,50.57,93,28
03:18:30,74,2457,50.23,93,28
03:18:40,73,2457,50.22,93,28
03:18:50,74,2457,50.29,93,28
03:19:00,74,2457,50.10,93,28
03:19:10,73,2457,50.15,93,28
03:19:20,72,2457,50.26,93,28
03:19:30,73,2457,49.84,93,28
03:19:40,73,2457,49.98,93,28
03:19:50,72,2457,49.91,93,28
03:20:00,73,2457,50.00,93,28
03:20:10,74,2424,63.03,93,28
03:20:20,72,2457,58.39,93,28
03:20:31,74,2457,50.15,93,28
03:20:41,74,2457,50.28,93,28
03:20:51,77,2411,76.35,93,28
03:21:01,79,2457,59.31,93,28
03:21:11,75,2457,51.05,93,28
03:21:21,76,2457,63.64,93,28
03:21:31,77,2457,51.06,93,28
03:21:41,76,2457,56.70,93,28
03:21:51,78,2418,75.64,93,28
03:22:01,77,2457,51.17,93,28
03:22:11,76,2450,51.06,93,28
03:22:21,76,2457,51.13,93,28
03:22:31,82,2398,76.99,93,28
03:22:41,80,2398,76.75,93,28
03:22:51,78,2437,63.99,93,28
03:23:01,77,2457,51.55,93,28
03:23:12,83,2398,77.00,93,28
03:23:22,83,2405,70.83,93,28
03:23:32,84,2392,78.10,93,28
03:23:42,81,2398,77.11,93,28
03:23:52,78,2457,62.68,93,28
03:24:02,84,2392,77.51,93,28
03:24:12,83,2457,70.30,93,28
03:24:22,76,2457,51.13,93,28
03:24:32,77,2457,50.93,93,28
03:24:42,76,2457,50.87,93,28
03:24:52,74,2457,50.83,93,28
03:25:02,74,2457,50.35,93,28
03:25:12,74,2457,50.51,93,28
03:25:22,73,2450,50.42,93,28
03:25:33,73,2457,50.22,93,28
03:25:43,74,2457,50.28,93,28
03:25:53,73,2457,50.34,93,28
03:26:03,74,2457,50.34,93,28
03:26:13,73,2457,50.18,93,28
03:26:23,73,2457,50.12,93,28
03:26:33,72,2457,50.19,93,28
03:26:43,73,2457,50.16,93,28
03:26:53,72,2457,49.98,93,28
03:27:03,73,2457,49.92,93,28
03:27:13,73,2457,49.93,93,28
03:27:23,73,2457,50.17,93,28
03:27:34,73,2457,50.01,93,28
03:27:44,72,2457,49.46,93,28
03:27:54,72,2457,52.03,93,28
03:28:04,72,2463,47.49,93,28
03:28:14,71,2463,46.16,93,28
03:28:24,70,2476,43.26,93,28
03:28:34,69,2483,38.35,93,28
03:28:44,76,2372,58.54,93,28
03:28:54,81,2385,86.65,93,28
03:29:04,73,2463,40.61,93,28
03:29:14,79,2379,84.61,93,28
03:29:24,82,2398,83.45,93,28
03:29:34,83,2392,87.38,93,28
03:29:44,83,2385,86.18,93,28
03:29:54,84,2372,85.50,93,28
03:30:04,85,2379,88.26,93,28
03:30:14,84,2385,88.34,93,28
03:30:24,84,2359,86.29,93,28
03:30:35,83,2379,85.26,93,28
03:30:45,83,2392,90.02,93,28
03:30:55,84,2359,86.59,93,28
03:31:05,83,2372,87.08,93,28
03:31:15,83,2379,86.20,93,28
03:31:25,85,2392,87.08,93,28
03:31:35,85,2353,86.29,93,28
03:31:45,83,2353,85.64,93,28
03:31:55,84,2372,88.58,93,28
03:32:05,83,2385,88.31,93,28
03:32:15,85,2385,86.01,93,28
03:32:25,83,2379,83.31,93,28
03:32:35,83,2392,88.24,93,28
03:32:45,83,2392,87.62,93,28
03:32:55,74,2450,39.24,93,28
03:33:05,71,2470,38.35,93,28
03:33:15,71,2470,38.14,93,28
03:33:25,71,2463,38.11,93,28
03:33:36,71,2470,38.10,93,28
03:33:46,71,2470,37.96,93,28
03:33:56,71,2483,37.49,93,28
03:34:06,79,2398,82.76,93,28
03:34:16,81,2424,82.81,93,28
03:34:26,85,2385,89.11,93,28
03:34:36,83,2392,89.22,93,28
03:34:46,81,2379,64.68,93,28
03:34:56,80,2353,83.79,93,28
03:35:06,81,2372,88.71,93,28
03:35:16,86,2405,92.24,93,28
03:35:26,85,2379,88.12,93,28
03:35:36,85,2372,87.98,93,28
03:35:46,83,2405,90.00,93,28
03:35:56,85,2385,88.64,93,28
03:36:06,82,2379,85.41,93,28
03:36:16,84,2392,91.01,93,28
03:36:26,85,2366,88.34,93,28
03:36:36,83,2379,91.34,93,28
03:36:47,84,2385,87.91,93,28
03:36:57,83,2372,86.52,93,28
03:37:07,85,2392,90.14,93,28
03:37:17,82,2379,82.39,93,28
03:37:27,84,2327,81.18,93,28
03:37:37,85,2353,85.73,93,28
03:37:47,86,2398,89.12,93,28
03:37:57,83,2333,85.96,93,28
03:38:07,84,2366,88.21,93,28
03:38:17,85,2392,90.18,93,28
03:38:27,83,2372,85.45,93,28
03:38:37,84,2372,87.43,93,28
03:38:47,84,2366,89.52,93,28
03:38:57,84,2392,88.22,93,28
03:39:07,83,2372,85.50,93,28
03:39:17,84,2398,91.18,93,28
03:39:27,85,2353,87.69,93,28
03:39:37,82,2418,78.79,93,28
03:39:47,73,2444,39.05,93,28
03:39:57,71,2450,38.15,93,28
03:40:07,70,2450,37.79,93,28
03:40:18,77,2437,78.56,93,28
03:40:28,80,2431,85.81,93,28
03:40:38,71,2444,38.39,93,28
03:40:48,71,2450,38.18,93,28
03:40:58,71,2457,37.99,93,28
03:41:08,71,2476,38.60,93,28
03:41:18,80,2385,84.86,93,28
03:41:28,83,2385,88.75,93,28
03:41:38,83,2359,87.50,93,28
03:41:48,84,2379,89.11,93,28
03:41:58,86,2392,89.89,93,28
03:42:08,84,2398,89.54,93,28
03:42:18,83,2398,89.59,93,28
03:42:28,83,2385,87.28,93,28
03:42:38,83,2379,87.58,93,28
03:42:48,86,2372,87.53,93,28
03:42:58,85,2353,88.69,93,28
03:43:08,83,2346,85.93,93,28
03:43:18,84,2379,90.08,93,28
03:43:28,83,2379,88.40,93,28
03:43:39,85,2372,87.76,93,28
03:43:49,85,2392,88.55,93,28
03:43:59,83,2431,88.99,93,28
03:44:09,84,2392,89.05,93,28
03:44:19,83,2379,87.03,93,28
03:44:29,86,2392,89.52,93,28
03:44:39,82,2379,88.61,93,28
03:44:49,82,2379,85.78,93,28
03:44:59,84,2366,88.48,93,28
03:45:09,84,2385,89.11,93,28
03:45:19,83,2379,89.79,93,28
03:45:29,84,2385,90.67,93,28
03:45:39,83,2372,87.94,93,28
03:45:49,83,2372,89.57,93,28
03:45:59,84,2379,87.24,93,28
03:46:09,85,2398,87.68,93,28
03:46:19,83,2392,88.87,93,28
03:46:29,85,2405,89.76,93,28
03:46:39,83,2379,82.77,93,28
03:46:49,85,2379,88.26,93,28
03:46:59,83,2385,89.63,93,28
03:47:09,84,2379,86.71,93,28
03:47:19,84,2385,88.50,93,28
03:47:29,83,2398,89.34,93,28
03:47:40,86,2353,88.80,93,28
03:47:50,82,2392,90.30,93,28
03:48:00,85,2398,88.91,93,28
03:48:10,85,2366,88.65,93,28
03:48:20,83,2379,87.51,93,28
03:48:30,83,2385,87.40,93,28
03:48:40,85,2359,90.24,93,28
03:48:50,86,2385,88.16,93,28
03:49:00,82,2372,86.86,93,28
03:49:10,85,2372,88.26,93,28
03:49:20,83,2359,85.78,93,28
03:49:30,83,2385,87.93,93,28
03:49:40,84,2385,90.69,93,28
03:49:50,83,2372,86.35,93,28
03:50:00,83,2392,89.22,93,28
03:50:10,83,2379,89.61,93,28
03:50:20,85,2340,86.27,93,28
03:50:30,83,2379,89.72,93,28
03:50:40,82,2398,87.09,93,28
03:50:50,74,2444,40.48,93,28
03:51:00,71,2457,39.72,93,28
03:51:11,70,2450,39.04,93,28
03:51:21,70,2457,38.74,93,28
03:51:31,70,2450,38.56,93,28
03:51:41,73,2431,56.07,93,28
03:51:51,72,2437,69.99,93,28
03:52:01,73,2444,40.13,93,28
03:52:11,73,2444,40.16,93,28
03:52:21,73,2444,39.98,93,28
03:52:31,73,2444,39.93,93,28
03:52:41,72,2444,40.01,93,28
03:52:52,72,2457,39.77,93,28
03:53:02,72,2450,38.88,93,28
03:53:12,79,2372,78.97,93,28
03:53:22,84,2379,88.17,93,28
03:53:32,86,2392,89.50,93,28
03:53:42,86,2372,88.15,93,28
03:53:52,84,2346,86.92,93,28
03:54:02,84,2372,88.26,93,28
03:54:12,84,2385,90.51,93,28
03:54:22,83,2379,84.00,93,28
03:54:32,83,2372,86.16,93,28
03:54:42,86,2366,86.79,93,28
03:54:52,85,2372,88.93,93,28
03:55:02,83,2385,87.03,93,28
03:55:12,86,2366,86.62,93,28
03:55:22,86,2372,88.22,93,28
03:55:32,84,2379,85.43,93,28
03:55:42,83,2372,87.75,93,28
03:55:52,83,2353,86.71,93,28
03:56:02,84,2379,88.64,93,28
03:56:12,84,2385,89.91,93,28
03:56:22,84,2353,88.22,93,28
03:56:33,82,2372,87.83,93,28
03:56:43,84,2379,85.89,93,28
03:56:53,85,2379,89.98,93,28
03:57:03,84,2385,88.59,93,28
03:57:13,86,2385,89.00,93,28
03:57:23,82,2392,87.05,93,28
03:57:33,84,2379,87.74,93,28
03:57:43,84,2359,90.45,93,28
03:57:53,84,2379,86.11,93,28
03:58:03,83,2379,88.73,93,28
03:58:13,83,2385,87.81,93,28
03:58:23,84,2392,91.04,93,28
03:58:33,85,2392,88.92,93,28
03:58:43,85,2372,86.87,93,28
03:58:53,83,2385,90.31,93,28
03:59:03,84,2418,78.10,93,28
03:59:13,86,2359,87.54,93,28
03:59:23,83,2392,89.35,93,28
03:59:33,83,2353,89.64,93,28
03:59:43,84,2385,89.42,93,28
03:59:53,82,2379,88.13,93,28
04:00:03,85,2392,90.88,93,28
04:00:13,84,2366,85.08,93,28
04:00:24,84,2366,86.47,93,28
04:00:34,83,2372,89.03,93,28
04:00:44,85,2366,88.65,93,28
04:00:54,83,2366,86.61,93,28
04:01:04,83,2392,90.55,93,28
04:01:14,85,2346,87.94,93,28
04:01:24,84,2379,86.49,93,28
04:01:34,84,2385,87.73,93,28
04:01:44,84,2346,86.67,93,28
04:01:54,84,2366,89.14,93,28
04:02:04,83,2340,85.18,93,28
04:02:14,83,2372,88.00,93,28
04:02:24,85,2385,88.91,93,28
04:02:34,84,2379,85.95,93,28
04:02:44,85,2398,90.65,93,28
04:02:54,84,2379,87.44,93,28
04:03:04,86,2366,89.43,93,28
04:03:14,84,2392,89.23,93,28
04:03:24,83,2379,87.82,93,28
04:03:34,83,2405,89.72,93,28
04:03:44,81,2379,84.87,93,28
04:03:54,83,2385,87.41,93,28
04:04:04,85,2385,90.88,93,28
04:04:15,84,2385,88.88,93,28
04:04:25,84,2346,87.23,93,28
04:04:35,84,2392,90.76,93,28
04:04:45,83,2366,87.83,93,28
04:04:55,83,2385,86.43,93,28
04:05:05,84,2385,88.20,93,28
04:05:15,86,2359,87.97,93,28
04:05:25,83,2405,90.17,93,28
04:05:35,83,2366,87.62,93,28
04:05:45,83,2359,88.81,93,28
04:05:55,83,2379,88.53,93,28
04:06:05,84,2379,85.60,93,28
04:06:15,85,2372,87.88,93,28
04:06:25,85,2359,87.55,93,28
04:06:35,84,2392,87.57,93,28
04:06:45,85,2392,89.04,93,28
04:06:55,84,2385,87.58,93,28
04:07:05,83,2359,91.17,93,28
04:07:15,81,2385,85.83,93,28
04:07:25,84,2359,85.55,93,28
04:07:35,86,2398,91.21,93,28
04:07:45,83,2379,88.33,93,28
04:07:55,85,2372,86.19,93,28
04:08:06,84,2398,90.33,93,28
04:08:16,83,2385,87.86,93,28
04:08:26,83,2385,86.14,93,28
04:08:36,82,2346,88.85,93,28
04:08:46,85,2366,88.48,93,28
04:08:56,83,2385,90.93,93,28
04:09:06,83,2372,87.53,93,28
04:09:16,82,2385,83.85,93,28
04:09:26,83,2385,89.03,93,28
04:09:36,83,2366,85.35,93,28
04:09:46,85,2398,89.24,93,28
04:09:56,83,2385,87.59,93,28
04:10:06,85,2379,89.12,93,28
04:10:16,84,2359,88.50,93,28
04:10:26,85,2379,90.28,93,28
04:10:36,83,2366,86.38,93,28
04:10:46,85,2379,87.42,93,28
04:10:56,85,2353,89.55,93,28
04:11:06,83,2353,87.97,93,28
04:11:16,84,2385,89.04,93,28
04:11:26,85,2372,87.05,93,28
04:11:36,85,2366,88.27,93,28
04:11:46,82,2398,88.25,93,28
04:11:56,83,2366,82.15,93,28
04:12:07,83,2398,89.16,93,28
04:12:17,85,2385,88.48,93,28
04:12:27,83,2372,89.38,93,28
04:12:37,84,2385,88.01,93,28
04:12:47,83,2392,87.00,93,28
04:12:57,82,2392,89.58,93,28
04:13:07,82,2379,82.33,93,28
04:13:17,84,2392,86.40,93,28
04:13:27,86,2392,88.16,93,28
04:13:37,84,2385,88.21,93,28
04:13:47,82,2353,83.38,93,28
04:13:57,83,2392,86.00,93,28
04:14:07,82,2405,87.26,93,28
04:14:17,82,2392,88.39,93,28
04:14:27,83,2392,85.33,93,28
04:14:37,85,2398,86.79,93,28
04:14:47,84,2398,88.44,93,28
04:14:57,82,2379,82.21,93,28
04:15:07,83,2385,86.33,93,28
04:15:17,82,2392,88.06,93,28
04:15:27,84,2398,88.83,93,28
04:15:37,83,2385,82.41,93,28
04:15:48,82,2392,87.05,93,28
04:15:58,83,2405,88.10,93,28
04:16:08,82,2392,86.67,93,28
04:16:18,83,2385,83.57,93,28
04:16:28,84,2398,85.79,93,28
04:16:38,82,2385,86.27,93,28
04:16:48,86,2411,85.31,93,28
04:16:58,85,2392,84.68,93,28
04:17:08,84,2392,86.56,93,28
04:17:18,85,2392,87.05,93,28
04:17:28,84,2405,88.56,93,28
04:17:38,84,2392,85.19,93,28
04:17:48,85,2372,86.63,93,28
04:17:58,84,2372,87.93,93,28
04:18:08,82,2385,81.50,93,28
04:18:18,85,2398,85.49,93,28
04:18:28,83,2392,86.75,93,28
04:18:38,84,2405,90.21,93,28
04:18:48,82,2372,82.23,93,28
04:18:58,82,2398,86.25,93,28
04:19:08,83,2405,88.31,93,28
04:19:18,82,2405,87.10,93,28
04:19:28,81,2392,77.59,93,28
04:19:38,84,2398,86.92,93,28
04:19:49,84,2392,87.44,93,28
04:19:59,84,2392,88.61,93,28
04:20:09,85,2392,84.23,93,28
04:20:19,85,2379,85.61,93,28
04:20:29,86,2398,86.60,93,28
04:20:39,83,2379,88.28,93,28
04:20:49,82,2392,85.97,93,28
04:20:59,82,2398,86.18,93,28
04:21:09,85,2366,87.00,93,28
04:21:19,83,2379,81.49,93,28
04:21:29,86,2398,87.10,93,28
04:21:39,85,2398,88.32,93,28
04:21:49,83,2392,87.27,93,28
04:21:59,82,2385,82.36,93,28
04:22:09,81,2392,86.40,93,28
04:22:19,82,2398,88.53,93,28
04:22:29,82,2405,88.67,93,28
04:22:39,82,2392,82.91,93,28
04:22:49,82,2405,85.79,93,28
04:22:59,82,2398,88.40,93,28
04:23:09,83,2405,89.79,93,28
04:23:19,82,2392,85.27,93,28
04:23:29,82,2398,86.85,93,28
04:23:40,82,2398,86.89,93,28
04:23:50,83,2418,85.37,93,28
04:24:00,84,2392,85.55,93,28
04:24:10,84,2405,88.81,93,28
04:24:20,83,2379,87.89,93,28
04:24:30,82,2385,81.94,93,28
04:24:40,83,2398,87.08,93,28
04:24:50,83,2405,88.80,93,28
04:25:00,83,2392,88.69,93,28
04:25:10,81,2379,83.39,93,28
04:25:20,85,2398,85.95,93,28
04:25:30,86,2392,87.18,93,28
04:25:40,85,2405,88.53,93,28
04:25:50,82,2392,84.69,93,28
04:26:00,83,2366,86.07,93,28
04:26:10,83,2392,88.10,93,28
04:26:20,83,2405,90.76,93,28
04:26:30,83,2392,86.28,93,28
04:26:40,84,2405,87.47,93,28
04:26:50,86,2398,86.69,93,28
04:27:00,82,2385,75.98,93,28
04:27:10,82,2398,86.51,93,28
04:27:21,84,2398,87.64,93,28
04:27:31,84,2372,87.69,93,28
04:27:41,82,2385,82.31,93,28
04:27:51,81,2385,86.64,93,28
04:28:01,84,2392,88.77,93,28
04:28:11,84,2405,89.81,93,28
04:28:21,82,2392,84.54,93,28
04:28:31,85,2392,86.63,93,28
04:28:41,85,2398,87.78,93,28
04:28:51,86,2411,88.50,93,28
04:29:01,82,2392,85.89,93,28
04:29:11,83,2405,87.88,93,28
04:29:21,82,2398,86.64,93,28
04:29:31,82,2379,81.09,93,28
04:29:41,85,2398,83.64,93,28
04:29:51,83,2405,88.24,93,28
04:30:01,86,2392,88.46,93,28
04:30:11,82,2385,82.26,93,28
04:30:21,82,2398,85.22,93,28
04:30:31,84,2392,87.91,93,28
04:30:41,82,2405,88.48,93,28
04:30:51,82,2379,83.32,93,28
04:31:02,85,2398,86.15,93,28
04:31:12,86,2398,87.96,93,28
04:31:22,85,2398,90.82,93,28
04:31:32,82,2398,84.55,93,28
04:31:42,85,2372,85.41,93,28
04:31:52,83,2398,87.62,93,28
04:32:02,83,2372,86.51,93,28
04:32:12,85,2392,89.37,93,28
04:32:22,84,2392,87.31,93,28
04:32:32,86,2379,89.18,93,28
04:32:42,84,2385,86.76,93,28
04:32:52,85,2379,87.58,93,28
04:33:02,83,2366,87.57,93,28
04:33:12,83,2405,91.30,93,28
04:33:22,85,2398,88.05,93,28
04:33:32,83,2405,90.38,93,28
04:33:42,85,2353,87.58,93,28
04:33:52,83,2385,84.88,93,28
04:34:02,84,2398,87.47,93,28
04:34:12,83,2398,89.85,93,28
04:34:22,83,2392,87.95,93,28
04:34:32,82,2392,80.50,93,28
04:34:43,82,2392,87.36,93,28
04:34:53,82,2411,89.62,93,28
04:35:03,85,2398,88.58,93,28
04:35:13,84,2392,85.40,93,28
04:35:23,82,2366,86.62,93,28
04:35:33,86,2398,90.44,93,28
04:35:43,82,2385,82.01,93,28
04:35:53,83,2398,85.87,93,28
04:36:03,83,2398,86.60,93,28
04:36:13,86,2398,89.39,93,28
04:36:23,82,2385,83.05,93,28
04:36:33,82,2398,86.96,93,28
04:36:43,85,2372,87.54,93,28
04:36:53,83,2398,88.71,93,28
04:37:03,82,2392,84.65,93,28
04:37:13,83,2385,84.89,93,28
04:37:23,85,2372,87.01,93,28
04:37:33,83,2392,87.37,93,28
04:37:43,85,2392,83.41,93,28
04:37:53,83,2379,85.82,93,28
04:38:03,85,2398,89.25,93,28
04:38:14,82,2385,82.09,93,28
04:38:24,83,2398,87.00,93,28
04:38:34,85,2385,86.73,93,28
04:38:44,83,2398,86.87,93,28
04:38:54,84,2385,83.38,93,28
04:39:04,83,2405,87.31,93,28
04:39:14,83,2405,88.67,93,28
04:39:24,85,2398,87.41,93,28
04:39:34,85,2366,84.24,93,28
04:39:44,83,2392,86.56,93,28
04:39:54,83,2392,88.75,93,28
04:40:04,83,2405,87.97,93,28
04:40:14,85,2392,84.11,93,28
04:40:24,83,2398,86.36,93,28
04:40:34,83,2405,88.45,93,28
04:40:44,81,2411,86.05,93,28
04:40:54,84,2398,85.35,93,28
04:41:04,83,2379,86.27,93,28
04:41:14,85,2405,88.36,93,28
04:41:24,82,2385,82.43,93,28
04:41:34,82,2398,86.99,93,28
04:41:44,85,2405,86.85,93,28
04:41:55,84,2372,87.29,93,28
04:42:05,81,2392,82.75,93,28
04:42:15,85,2398,86.82,93,28
04:42:25,86,2385,88.31,93,28
04:42:35,82,2405,87.81,93,28
04:42:45,84,2392,83.91,93,28
04:42:55,86,2398,87.37,93,28
04:43:05,86,2398,89.20,93,28
04:43:15,85,2372,87.88,93,28
04:43:25,82,2392,84.47,93,28
04:43:35,83,2392,87.31,93,28
04:43:45,83,2411,89.52,93,28
04:43:55,81,2385,81.42,93,28
04:44:05,83,2392,86.49,93,28
04:44:15,86,2405,86.31,93,28
04:44:25,85,2392,88.56,93,28
04:44:35,83,2392,82.71,93,28
04:44:45,84,2424,81.10,93,28
04:44:55,84,2366,87.95,93,28
04:45:05,84,2392,87.92,93,28
04:45:15,83,2392,85.22,93,28
04:45:25,85,2398,87.89,93,28
04:45:35,86,2405,88.75,93,28
04:45:46,83,2392,87.61,93,28
04:45:56,82,2392,85.16,93,28
04:46:06,80,2392,87.70,93,28
04:46:16,86,2398,90.11,93,28
04:46:26,82,2385,80.92,93,28
04:46:36,82,2392,85.98,93,28
04:46:46,84,2398,88.01,93,28
04:46:56,84,2405,89.54,93,28
04:47:06,83,2392,82.88,93,28
04:47:16,85,2398,85.51,93,28
04:47:26,78,2405,83.62,93,28
04:47:36,86,2405,90.83,93,28
04:47:46,82,2392,84.42,93,28
04:47:56,82,2366,86.26,93,28
04:48:06,84,2405,88.02,93,28
04:48:16,83,2385,90.53,93,28
04:48:26,82,2392,86.51,93,28
04:48:36,83,2398,87.06,93,28
04:48:46,85,2392,86.69,93,28
04:48:56,83,2385,81.38,93,28
04:49:06,83,2398,86.64,93,28
04:49:16,85,2398,88.14,93,28
04:49:26,82,2398,87.94,93,28
04:49:37,82,2379,82.44,93,28
04:49:47,84,2372,85.46,93,28
04:49:57,82,2392,88.47,93,28
04:50:07,82,2398,90.24,93,28
04:50:17,82,2392,84.80,93,28
04:50:27,82,2372,86.62,93,28
04:50:37,84,2392,87.25,93,28
04:50:47,86,2411,90.50,93,28
04:50:57,85,2392,85.51,93,28
04:51:07,83,2405,88.42,93,28
04:51:17,83,2398,87.29,93,28
04:51:27,75,2385,42.72,93,28
04:51:37,72,2450,38.31,93,28
04:51:47,70,2476,38.37,93,28
04:51:57,77,2398,86.07,93,28
04:52:07,81,2379,87.30,93,28
04:52:17,84,2392,88.18,93,28
04:52:27,86,2366,88.67,93,28
04:52:37,86,2398,90.32,93,28
04:52:47,84,2366,88.71,93,28
04:52:58,83,2398,93.58,93,28
04:53:08,86,2379,88.93,93,28
04:53:18,86,2398,92.25,93,28
04:53:28,85,2398,92.58,93,28
04:53:38,74,2463,40.78,93,28
04:53:48,80,2379,88.63,93,28
04:53:58,81,2392,89.74,93,28
04:54:08,84,2385,89.34,93,28
04:54:18,85,2392,91.43,93,28
04:54:28,85,2353,88.91,93,28
04:54:38,86,2385,91.68,93,28
04:54:48,83,2379,90.98,93,28
04:54:58,80,2392,88.07,93,28
04:55:08,82,2366,90.25,93,28
04:55:18,83,2353,84.39,93,28
04:55:28,83,2359,87.14,93,28
04:55:38,85,2392,91.23,93,28
04:55:48,85,2379,87.45,93,28
04:55:58,83,2405,91.68,93,28
04:56:08,85,2385,89.54,93,28
04:56:18,83,2366,89.74,93,28
04:56:28,86,2392,91.70,93,28
04:56:38,83,2385,89.69,93,28
04:56:49,84,2392,91.79,93,28
04:56:59,84,2392,88.30,93,28
04:57:09,84,2359,88.44,93,28
04:57:19,84,2385,92.14,93,28
04:57:29,85,2372,88.57,93,28
04:57:39,83,2392,89.17,93,28
04:57:49,83,2379,90.22,93,28
04:57:59,85,2405,91.30,93,28
04:58:09,82,2372,91.68,93,28
04:58:19,82,2385,89.19,93,28
04:58:29,84,2385,87.68,93,28
04:58:39,84,2379,90.27,93,28
04:58:49,83,2366,87.23,93,28
04:58:59,84,2379,90.92,93,28
04:59:09,85,2366,87.34,93,28
04:59:19,83,2405,92.45,93,28
04:59:29,83,2372,88.79,93,28
04:59:39,82,2392,90.89,93,28
04:59:49,83,2398,90.54,93,28
04:59:59,85,2392,94.28,93,28
05:00:09,71,2470,39.56,93,28
05:00:19,70,2470,39.24,93,28
05:00:30,70,2476,38.96,93,28
05:00:40,70,2470,39.22,93,28
05:00:50,71,2476,39.49,93,28
05:01:00,71,2470,39.26,93,28
05:01:10,71,2470,39.32,93,28
05:01:20,71,2476,38.53,93,28
05:01:30,79,2398,79.14,93,28
05:01:40,84,2398,90.57,93,28
05:01:50,83,2385,89.09,93,28
05:02:00,86,2398,90.60,93,28
05:02:10,85,2366,88.99,93,28
05:02:20,85,2392,89.03,93,28
05:02:30,86,2340,87.37,93,28
05:02:40,86,2385,92.22,93,28
05:02:50,83,2359,89.83,93,28
05:03:00,85,2398,90.93,93,28
05:03:10,84,2372,85.92,93,28
05:03:20,83,2379,89.89,93,28
05:03:30,82,2385,88.08,93,28
05:03:41,85,2392,91.24,93,28
05:03:51,85,2385,88.99,93,28
05:04:01,83,2398,92.46,93,28
05:04:11,83,2372,88.29,93,28
05:04:21,82,2385,88.75,93,28
05:04:31,84,2379,89.78,93,28
05:04:41,82,2385,79.85,93,28
05:04:51,83,2346,85.98,93,28
05:05:01,83,2392,90.59,93,28
05:05:11,85,2392,85.98,93,28
05:05:21,86,2372,91.72,93,28
05:05:31,83,2392,86.94,93,28
05:05:41,85,2385,89.87,93,28
05:05:51,86,2385,90.38,93,28
05:06:01,83,2398,89.11,93,28
05:06:11,83,2379,85.30,93,28
05:06:21,83,2385,90.66,93,28
05:06:31,82,2372,86.96,93,28
05:06:41,86,2392,91.59,93,28
05:06:51,85,2392,88.96,93,28
05:07:01,85,2405,92.09,93,28
05:07:11,85,2379,89.53,93,28
05:07:21,82,2411,88.08,93,28
05:07:31,84,2385,90.07,93,28
05:07:42,82,2405,87.82,93,28
05:07:52,84,2379,85.42,93,28
05:08:02,84,2398,90.66,93,28
05:08:12,85,2353,86.39,93,28
05:08:22,83,2385,90.85,93,28
05:08:32,86,2366,90.01,93,28
05:08:42,85,2392,89.65,93,28
05:08:52,82,2372,90.76,93,28
05:09:02,83,2372,88.79,93,28
05:09:12,84,2385,91.88,93,28
05:09:22,83,2346,85.90,93,28
05:09:32,85,2379,89.74,93,28
05:09:42,83,2392,88.97,93,28
05:09:52,83,2366,89.11,93,28
05:10:02,83,2392,89.15,93,28
05:10:12,86,2385,92.50,93,28
05:10:22,85,2379,88.68,93,28
05:10:32,82,2392,90.14,93,28
05:10:42,86,2385,90.56,93,28
05:10:52,82,2392,85.31,93,28
05:11:02,85,2346,86.98,93,28
05:11:12,85,2372,90.50,93,28
05:11:22,82,2372,87.84,93,28
05:11:32,83,2398,92.60,93,28
05:11:42,85,2379,90.01,93,28
05:11:52,83,2392,90.63,93,28
05:12:03,85,2372,90.09,93,28
05:12:13,84,2398,90.23,93,28
05:12:23,83,2379,84.89,93,28
05:12:33,83,2379,89.12,93,28
05:12:43,85,2359,86.57,93,28
05:12:53,83,2392,91.92,93,28
05:13:03,82,2366,89.23,93,28
05:13:13,84,2405,89.80,93,28
05:13:23,86,2379,91.11,93,28
05:13:33,84,2405,90.43,93,28
05:13:43,85,2385,91.01,93,28
05:13:53,85,2379,88.33,93,28
05:14:03,74,2437,39.61,93,28
05:14:13,71,2437,38.53,93,28
05:14:23,69,2437,37.95,93,28
05:14:33,69,2437,37.41,93,28
05:14:43,69,2437,37.65,93,28
05:14:53,76,2444,77.32,93,28
05:15:04,78,2437,60.83,93,28
05:15:14,72,2437,39.11,93,28
05:15:24,72,2437,39.02,93,28
05:15:34,71,2444,38.71,93,28
05:15:44,71,2444,38.70,93,28
05:15:54,71,2437,38.35,93,28
05:16:04,71,2444,38.23,93,28
05:16:14,71,2483,40.63,93,28
05:16:24,82,2385,87.21,93,28
05:16:34,85,2385,89.94,93,28
05:16:44,85,2366,88.98,93,28
05:16:54,83,2372,88.83,93,28
05:17:04,85,2392,89.98,93,28
05:17:14,86,2372,88.29,93,28
05:17:24,86,2392,90.25,93,28
05:17:34,85,2359,89.89,93,28
05:17:44,85,2398,92.27,93,28
05:17:55,85,2385,89.80,93,28
05:18:05,83,2372,88.08,93,28
05:18:15,85,2379,89.89,93,28
05:18:25,83,2392,91.60,93,28
05:18:35,85,2398,87.98,93,28
05:18:45,83,2366,91.78,93,28
05:18:55,85,2379,89.67,93,28
05:19:05,86,2379,91.70,93,28
05:19:15,85,2372,89.32,93,28
05:19:25,84,2385,84.96,93,28
05:19:35,83,2398,90.46,93,28
05:19:45,86,2385,84.25,93,28
05:19:55,86,2379,89.55,93,28
05:20:05,86,2398,90.85,93,28
05:20:15,85,2372,87.83,93,28
05:20:25,82,2392,92.34,93,28
05:20:35,85,2366,88.62,93,28
05:20:45,85,2392,92.62,93,28
05:20:55,85,2411,90.36,93,28
05:21:05,82,2392,87.12,93,28
05:21:15,82,2379,87.17,93,28
05:21:25,86,2372,90.98,93,28
05:21:35,83,2385,88.33,93,28
05:21:45,83,2379,90.31,93,28
05:21:55,84,2392,89.09,93,28
05:22:05,86,2392,91.68,93,28
05:22:16,84,2379,90.33,93,28
05:22:26,86,2398,92.32,93,28
05:22:36,84,2385,89.78,93,28
05:22:46,83,2385,88.44,93,28
05:22:56,85,2379,88.10,93,28
05:23:06,83,2392,91.49,93,28
05:23:16,85,2372,88.87,93,28
05:23:26,83,2392,91.15,93,28
05:23:36,83,2405,90.11,93,28
05:23:46,85,2379,89.60,93,27
05:23:56,86,2385,89.93,93,28
05:24:06,82,2385,85.25,93,28
05:24:16,85,2392,86.42,93,28
05:24:26,83,2366,89.06,93,28
05:24:36,85,2398,92.64,93,28
05:24:46,82,2379,89.17,93,28
05:24:56,86,2398,91.51,93,28
05:25:06,82,2359,88.86,93,28
05:25:16,83,2405,91.04,93,28
05:25:26,84,2366,90.49,93,28
05:25:36,83,2379,84.66,93,28
05:25:46,84,2392,90.54,93,28
05:25:56,86,2398,88.85,93,28
05:26:06,85,2385,89.54,93,28
05:26:16,85,2398,93.21,93,28
05:26:27,84,2372,88.75,93,28
05:26:37,84,2398,91.98,93,28
05:26:47,84,2366,88.20,93,28
05:26:57,85,2405,92.94,93,28
05:27:07,83,2392,89.74,93,28
05:27:17,85,2424,82.50,93,28
05:27:27,85,2392,89.65,93,28
05:27:37,85,2392,88.38,93,28
05:27:47,84,2372,89.32,93,28
05:27:57,83,2405,92.23,93,28
05:28:07,83,2359,88.28,93,28
05:28:17,85,2398,91.27,93,28
05:28:27,85,2385,89.46,93,28
05:28:37,86,2398,91.92,93,28
05:28:47,82,2346,87.48,93,28
05:28:57,85,2385,88.17,93,28
05:29:07,85,2379,89.59,93,28
05:29:17,85,2398,89.34,93,28
05:29:27,83,2385,89.92,93,28
05:29:37,83,2385,91.97,93,28
05:29:47,82,2392,89.30,93,28
05:29:57,86,2405,91.56,93,28
05:30:07,82,2379,89.58,93,28
05:30:17,82,2385,86.81,93,28
05:30:27,84,2392,91.26,93,28
05:30:37,85,2359,87.05,93,28
05:30:48,83,2379,89.14,93,28
05:30:58,83,2385,89.59,93,28
05:31:08,83,2385,89.43,93,28
05:31:18,85,2398,92.24,93,28
05:31:28,83,2372,87.78,93,28
05:31:38,84,2392,91.77,93,28
05:31:48,81,2392,82.93,93,28
05:31:58,84,2353,85.52,93,28
05:32:08,85,2392,90.03,93,28
05:32:18,85,2392,89.49,93,28
05:32:28,84,2379,88.62,93,28
05:32:38,82,2405,92.54,93,28
05:32:48,82,2372,88.28,93,28
05:32:58,85,2398,91.00,93,28
05:33:08,82,2353,90.10,93,28
05:33:18,83,2379,91.05,93,28
05:33:28,83,2385,90.29,93,28
05:33:38,83,2366,88.67,93,28
05:33:48,82,2372,88.54,93,28
05:33:58,83,2398,91.83,93,28
05:34:08,85,2379,88.90,93,28
05:34:18,85,2379,90.66,93,28
05:34:28,85,2392,89.88,93,28
05:34:38,85,2385,90.78,93,28
05:34:48,83,2431,85.78,93,28
05:34:59,82,2353,86.33,93,28
05:35:09,85,2359,87.66,93,28
05:35:19,83,2379,90.75,93,28
05:35:29,85,2385,88.60,93,28
05:35:39,86,2392,91.23,93,28
05:35:49,84,2372,88.92,93,28
05:35:59,85,2379,90.83,93,28
05:36:09,84,2411,90.49,93,28
05:36:19,84,2379,90.29,93,28
05:36:29,83,2372,89.29,93,28
05:36:39,84,2372,90.86,93,28
05:36:49,84,2398,86.53,93,28
05:36:59,85,2398,92.22,93,28
05:37:09,84,2359,85.57,93,28
05:37:19,82,2359,86.74,93,28
05:37:29,85,2398,85.51,93,28
05:37:39,82,2379,86.28,93,27
05:37:49,83,2405,89.53,93,28
05:37:59,85,2398,88.99,93,28
05:38:09,79,2405,72.76,93,28
05:38:19,78,2411,77.68,93,28
05:38:29,80,2418,80.26,93,28
05:38:39,80,2411,82.49,93,28
05:38:50,83,2418,82.93,93,28
05:39:00,80,2398,84.22,93,28
05:39:10,84,2431,85.33,93,28
05:39:20,81,2411,84.93,93,28
05:39:30,83,2411,85.22,93,28
05:39:40,79,2424,85.79,93,28
05:39:50,84,2418,86.88,93,28
05:40:00,81,2398,70.74,93,28
05:40:10,82,2405,75.57,93,28
05:40:20,83,2418,79.01,93,28
05:40:30,79,2418,80.83,93,28
05:40:40,83,2418,82.23,93,28
05:40:50,84,2418,84.17,93,28
05:41:00,80,2424,85.48,93,28
05:41:10,82,2424,84.39,93,28
05:41:20,84,2418,85.58,93,28
05:41:30,85,2418,87.91,93,28
05:41:40,84,2398,84.42,93,28
05:41:50,82,2424,84.06,93,28
05:42:00,72,2437,39.81,93,28
05:42:11,70,2444,38.97,93,28
05:42:21,76,2418,73.68,93,28
05:42:31,83,2418,80.37,93,28
05:42:41,81,2405,84.96,93,28
05:42:51,81,2405,86.07,93,28
05:43:01,84,2411,87.04,93,28
05:43:11,83,2385,86.72,93,28
05:43:21,85,2398,87.03,93,28
05:43:31,85,2411,89.89,93,28
05:43:41,81,2398,87.21,93,28
05:43:51,82,2411,90.11,93,28
05:44:01,82,2392,81.17,93,28
05:44:11,84,2398,85.97,93,28
05:44:21,82,2379,86.78,93,28
05:44:31,84,2392,83.01,93,28
05:44:41,85,2405,89.75,93,28
05:44:51,84,2379,88.24,93,28
05:45:01,84,2366,89.14,93,28
05:45:11,85,2405,90.08,93,28
05:45:21,82,2392,88.40,93,28
05:45:31,86,2405,92.40,93,28
05:45:41,82,2372,83.89,93,28
05:45:51,83,2392,87.13,93,28
05:46:02,83,2392,89.55,93,28
05:46:12,85,2411,87.66,93,28
05:46:22,86,2398,89.98,93,28
05:46:32,82,2379,88.55,93,28
05:46:42,86,2405,89.67,93,28
05:46:52,85,2392,89.35,93,28
05:47:02,82,2411,91.96,93,28
05:47:12,83,2398,89.78,93,27
05:47:22,84,2392,85.15,93,28
05:47:32,83,2405,88.55,93,28
05:47:42,84,2392,86.55,93,28
05:47:52,82,2392,88.54,93,28
05:48:02,83,2385,86.58,93,28
05:48:12,85,2405,90.24,93,28
05:48:22,82,2379,87.60,93,28
05:48:32,85,2398,91.62,93,28
05:48:42,84,2398,87.39,93,28
05:48:52,85,2398,88.41,93,28
05:49:02,82,2398,84.69,93,28
05:49:12,82,2398,85.29,93,28
05:49:22,82,2405,89.93,93,28
05:49:32,80,2392,87.48,93,28
05:49:42,83,2411,91.20,93,28
05:49:52,84,2385,87.54,93,28
05:50:02,82,2411,92.82,93,28
05:50:13,82,2392,89.98,93,28
05:50:23,83,2385,89.13,93,28
05:50:33,83,2392,81.18,93,28
05:50:43,81,2398,87.06,93,28
05:50:53,82,2405,88.01,93,28
05:51:03,85,2359,88.55,93,28
05:51:13,84,2405,90.12,93,28
05:51:23,85,2392,87.80,93,28
05:51:33,84,2411,91.67,93,28
05:51:43,84,2366,87.68,93,28
05:51:53,85,2411,91.29,93,28
05:52:03,82,2437,87.06,93,28
05:52:13,81,2385,82.28,93,28
05:52:23,83,2379,85.73,93,28
05:52:33,85,2392,87.69,93,28
05:52:43,84,2411,88.76,93,28
05:52:53,83,2392,89.13,93,28
05:53:03,85,2398,89.28,93,28
05:53:13,84,2398,91.46,93,28
05:53:23,85,2392,88.96,93,28
05:53:33,82,2398,89.84,93,28
05:53:43,82,2392,89.41,93,28
05:53:53,82,2392,83.82,93,28
05:54:03,82,2398,86.46,93,28
05:54:14,83,2398,88.63,93,28
05:54:24,84,2405,89.52,93,28
05:54:34,84,2405,87.91,93,28
05:54:44,83,2392,91.47,93,28
05:54:54,85,2392,88.60,93,28
05:55:04,82,2405,93.07,93,28
05:55:14,84,2405,89.56,93,28
05:55:24,83,2392,89.53,93,28
05:55:34,83,2392,84.91,93,28
05:55:44,82,2398,87.96,93,28
05:55:54,83,2405,88.99,93,28
05:56:04,86,2392,87.47,93,28
05:56:14,85,2405,91.45,93,28
05:56:24,82,2379,89.18,93,28
05:56:34,83,2379,89.31,93,28
05:56:44,85,2405,89.59,93,28
05:56:54,83,2398,89.49,93,28
05:57:04,81,2379,82.32,93,28
05:57:14,81,2398,87.25,93,28
05:57:24,83,2392,86.36,93,28
05:57:34,86,2411,89.06,93,28
05:57:44,81,2398,88.90,93,28
05:57:54,84,2385,90.03,93,28
05:58:04,82,2392,89.22,93,28
05:58:14,81,2385,90.70,93,28
05:58:25,84,2398,88.12,93,28
05:58:35,82,2411,90.21,93,28
05:58:45,81,2385,81.64,93,28
05:58:55,82,2392,86.16,93,28
05:59:05,85,2405,88.75,93,28
05:59:15,82,2385,87.38,93,28
05:59:25,86,2411,91.03,93,28
05:59:35,82,2411,84.72,93,28
05:59:45,85,2398,90.61,93,28
05:59:55,85,2398,89.94,93,28
06:00:05,82,2379,90.62,93,28
06:00:15,84,2392,88.71,93,28
06:00:25,84,2392,85.11,93,28
06:00:35,82,2398,87.84,93,28
06:00:45,82,2392,86.54,93,28
06:00:55,83,2392,89.00,93,28
06:01:05,83,2405,89.01,93,28
06:01:15,85,2398,89.69,93,28
06:01:25,83,2372,88.52,93,28
06:01:35,83,2405,91.01,93,28
06:01:45,85,2385,88.76,93,28
06:01:55,81,2411,93.58,93,28
06:02:05,83,2398,84.51,93,28
06:02:15,82,2392,81.74,93,28
06:02:26,85,2411,88.51,93,28
06:02:36,84,2379,88.48,93,28
06:02:46,85,2411,89.81,93,28
06:02:56,84,2372,88.58,93,28
06:03:06,85,2411,90.44,93,28
06:03:16,85,2379,89.47,93,28
06:03:26,83,2392,90.79,93,28
06:03:36,83,2366,87.20,93,28
06:03:46,85,2392,85.42,93,28
06:03:56,84,2398,91.19,93,28
06:04:06,83,2359,88.26,93,28
06:04:16,83,2398,91.03,93,28
06:04:26,83,2385,90.26,93,28
06:04:36,84,2372,88.81,93,28
06:04:46,83,2372,86.24,93,27
06:04:56,85,2385,89.50,93,28
06:05:06,83,2379,91.58,93,28
06:05:16,85,2379,89.17,93,28
06:05:26,85,2405,92.93,93,28
06:05:36,81,2405,89.63,93,28
06:05:46,86,2385,91.11,93,28
06:05:56,83,2418,92.20,93,28
06:06:06,84,2372,91.27,93,28
06:06:16,84,2385,86.68,93,28
06:06:27,83,2398,90.14,93,28
06:06:37,83,2398,88.93,93,28
06:06:47,85,2398,90.55,93,28
06:06:57,83,2385,88.14,93,28
06:07:07,83,2398,93.25,93,28
06:07:17,82,2366,90.86,93,28
06:07:27,83,2398,88.82,93,28
06:07:37,82,2398,90.79,93,28
06:07:47,76,2444,60.95,93,28
06:07:57,72,2483,40.78,93,28
06:08:07,70,2483,40.49,93,28
06:08:17,81,2398,89.63,93,28
06:08:27,80,2411,80.18,93,28
06:08:37,80,2385,85.54,93,28
06:08:47,83,2398,89.19,93,28
06:08:57,81,2372,87.62,93,28
06:09:07,85,2346,86.46,93,28
06:09:17,83,2379,84.21,93,28
06:09:27,85,2385,87.56,93,28
06:09:38,73,2463,38.89,93,28
06:09:48,71,2483,37.20,93,28
06:09:58,70,2483,37.94,93,28
06:10:08,70,2483,37.87,93,28
06:10:18,70,2483,37.85,93,28
06:10:28,70,2483,39.97,93,28
06:10:38,81,2392,88.84,93,28
06:10:48,83,2379,86.94,93,28
06:10:58,86,2392,88.10,93,28
06:11:08,85,2392,88.82,93,28
06:11:18,84,2379,87.40,93,28
06:11:28,84,2379,86.85,93,28
06:11:38,84,2379,87.46,93,28
06:11:48,83,2353,90.35,93,28
06:11:58,84,2385,89.51,93,28
06:12:08,84,2379,86.09,93,28
06:12:19,77,2385,64.72,93,28
06:12:29,73,2450,38.94,93,28
06:12:39,71,2470,38.16,93,28
06:12:49,70,2470,37.87,93,28
06:12:59,77,2431,57.30,93,28
06:13:09,70,2463,38.02,93,28
06:13:19,70,2470,37.95,93,28
06:13:29,70,2483,37.49,93,28
06:13:39,82,2398,88.50,93,28
06:13:49,83,2366,86.99,93,28
06:13:59,83,2366,86.11,93,28
06:14:09,85,2372,88.96,93,28
06:14:19,84,2379,88.55,93,28
06:14:29,84,2366,87.31,93,28
06:14:39,85,2379,82.01,93,28
06:14:49,83,2372,89.27,93,28
06:14:59,84,2379,89.64,93,28
06:15:09,84,2385,87.95,93,28
06:15:20,84,2372,84.73,93,28
06:15:30,85,2359,88.36,93,28
06:15:40,84,2392,90.09,93,28
06:15:50,82,2385,87.20,93,28
06:16:00,84,2372,84.58,93,28
06:16:10,84,2392,89.10,93,28
06:16:20,83,2392,89.86,93,28
06:16:30,83,2385,88.04,93,28
06:16:40,83,2379,83.97,93,28
06:16:50,86,2379,89.07,93,28
06:17:00,83,2379,89.55,93,28
06:17:10,83,2411,88.11,93,28
06:17:20,73,2450,39.93,93,28
06:17:30,71,2463,39.23,93,28
06:17:40,70,2470,38.90,93,28
06:17:50,75,2437,53.41,93,28
06:18:00,72,2450,63.46,93,28
06:18:10,76,2450,58.59,93,28
06:18:21,72,2463,39.35,93,28
06:18:31,72,2463,39.20,93,28
06:18:41,71,2463,38.46,93,28
06:18:51,71,2483,37.54,93,28
06:19:01,83,2392,87.52,93,28
06:19:11,85,2372,86.83,93,28
06:19:21,85,2379,87.08,93,28
06:19:31,85,2379,88.86,93,28
06:19:41,84,2366,88.12,93,28
06:19:51,84,2385,89.35,93,28
06:20:01,85,2379,86.51,93,28
06:20:11,83,2366,88.50,93,28
06:20:21,84,2340,87.64,93,28
06:20:31,85,2379,86.97,93,28
06:20:41,83,2372,86.88,93,28
06:20:51,84,2392,88.93,93,28
06:21:01,83,2333,86.17,93,28
06:21:11,86,2372,88.34,93,28
06:21:21,84,2379,86.62,93,28
06:21:31,84,2372,86.96,93,28
06:21:42,84,2372,87.41,93,28
06:21:52,84,2385,89.37,93,28
06:22:02,84,2379,86.29,93,28
06:22:12,84,2379,88.89,93,28
06:22:22,85,2366,85.77,93,28
06:22:32,84,2366,88.93,93,28
06:22:42,83,2372,85.91,93,28
06:22:52,84,2366,86.85,93,28
06:23:02,85,2385,86.77,93,28
06:23:12,85,2379,86.35,93,28
06:23:22,83,2379,85.57,93,28
06:23:32,84,2346,88.28,93,28
06:23:42,82,2379,87.01,93,28
06:23:52,83,2372,85.77,93,28
06:24:02,84,2372,85.40,93,28
06:24:12,85,2379,89.43,93,28
06:24:22,83,2431,79.09,93,28
06:24:32,84,2379,86.88,93,28
06:24:42,84,2379,85.28,93,28
06:24:52,83,2359,87.69,93,28
06:25:02,85,2392,90.36,93,28
06:25:13,84,2372,86.91,93,28
06:25:23,82,2372,84.83,93,28
06:25:33,85,2392,89.24,93,28
06:25:43,84,2379,89.20,93,28
06:25:53,83,2385,86.00,93,28
06:26:03,81,2424,61.91,93,28
06:26:13,82,2405,82.77,93,28
06:26:23,75,2450,42.03,93,28
06:26:33,72,2444,41.05,93,28
06:26:43,71,2457,40.37,93,28
06:26:53,70,2457,40.31,93,28
06:27:03,71,2457,40.15,93,28
06:27:13,71,2457,40.26,93,28
06:27:23,73,2450,52.84,93,28
06:27:33,74,2444,64.99,93,28
06:27:43,74,2450,59.18,93,28
06:27:54,75,2444,43.48,93,28
06:28:04,74,2450,41.57,93,28
06:28:14,74,2450,41.36,93,28
06:28:24,73,2450,41.34,93,28
06:28:34,73,2444,40.73,93,28
06:28:44,73,2450,41.49,93,28
06:28:54,72,2463,37.96,93,28
06:29:04,84,2379,88.71,93,28
06:29:14,85,2379,88.33,93,28
06:29:24,85,2379,85.82,93,28
06:29:34,84,2379,89.40,93,28
06:29:44,86,2392,88.10,93,28
06:29:54,84,2359,86.67,93,28
06:30:04,84,2372,85.10,93,28
06:30:14,86,2359,86.26,93,28
06:30:24,85,2385,89.47,93,28
06:30:34,84,2379,87.55,93,28
06:30:45,83,2379,85.98,93,28
06:30:55,84,2379,88.61,93,28
06:31:05,83,2372,87.74,93,28
06:31:15,83,2385,86.03,93,28
06:31:25,83,2366,85.24,93,28
06:31:35,84,2366,88.80,93,28
06:31:45,84,2392,89.24,93,28
06:31:55,85,2379,88.05,93,28
06:32:05,84,2379,85.44,93,28
06:32:15,84,2379,87.62,93,28
06:32:25,85,2359,86.82,93,28
06:32:35,86,2346,85.92,93,28
06:32:45,83,2379,85.60,93,28
06:32:55,85,2359,88.21,93,28
06:33:05,84,2392,89.95,93,28
06:33:15,85,2379,89.17,93,28
06:33:25,84,2379,84.21,93,28
06:33:35,84,2372,86.71,93,28
06:33:45,83,2346,87.17,93,28
06:33:55,84,2385,89.00,93,28
06:34:05,83,2398,75.78,93,28
06:34:16,85,2372,87.11,93,28
06:34:26,83,2359,88.09,93,28
06:34:36,84,2385,88.26,93,28
06:34:46,82,2320,83.11,93,28
06:34:56,84,2379,86.62,93,28
06:35:06,84,2366,87.08,93,28
06:35:16,85,2385,87.56,93,28
06:35:26,83,2372,83.81,93,28
06:35:36,84,2333,86.03,93,28
06:35:46,86,2346,87.92,93,28
06:35:56,85,2385,86.90,93,28
06:36:06,84,2379,83.92,93,28
06:36:16,85,2346,87.77,93,28
06:36:26,83,2385,87.14,93,28
06:36:36,83,2379,87.27,93,28
06:36:46,83,2405,79.02,93,28
06:36:56,86,2353,87.40,93,28
06:37:06,82,2314,82.88,93,28
06:37:16,83,2379,84.93,93,28
06:37:26,85,2327,83.21,93,28
06:37:36,83,2327,84.44,93,28
06:37:46,83,2385,86.38,93,27
06:37:57,85,2333,85.68,93,28
06:38:07,84,2353,88.57,93,28
06:38:17,84,2385,89.15,93,28
06:38:27,83,2385,86.16,93,28
06:38:37,85,2366,85.06,93,28
06:38:47,85,2385,89.11,93,28
06:38:57,83,2405,84.20,93,28
06:39:07,82,2333,86.90,93,28
06:39:17,84,2372,84.91,93,28
06:39:27,85,2359,87.66,93,28
06:39:37,86,2379,89.22,93,28
06:39:47,83,2418,86.17,93,28
06:39:57,82,2411,83.40,93,28
06:40:07,83,2398,79.21,93,28
06:40:17,83,2405,76.66,93,28
06:40:27,81,2398,79.01,93,28
06:40:37,81,2392,75.10,93,28
06:40:47,80,2411,80.22,93,28
06:40:57,81,2405,76.20,93,28
06:41:07,83,2411,80.06,93,28
06:41:17,79,2405,76.76,93,28
06:41:28,80,2405,79.30,93,28
06:41:38,79,2405,77.81,93,28
06:41:48,80,2411,73.01,93,28
06:41:58,84,2411,78.02,93,28
06:42:08,81,2398,73.90,93,28
06:42:18,79,2411,78.00,93,28
06:42:28,78,2405,74.29,93,28
06:42:38,82,2411,78.41,93,28
06:42:48,78,2411,74.74,93,28
06:42:58,83,2418,79.02,93,28
06:43:08,82,2411,75.31,93,28
06:43:18,83,2411,78.77,93,28
06:43:28,79,2411,78.06,93,28
06:43:38,80,2405,74.59,93,28
06:43:48,80,2411,80.35,93,28
06:43:58,82,2398,78.21,93,28
06:44:08,80,2411,82.63,93,28
06:44:18,81,2411,74.18,93,28
06:44:29,79,2392,79.21,93,28
06:44:39,82,2405,77.66,93,28
06:44:49,81,2405,82.63,93,28
06:44:59,80,2398,79.85,93,28
06:45:09,83,2418,80.78,93,28
06:45:19,80,2405,81.08,93,28
06:45:29,78,2405,76.47,93,28
06:45:39,81,2411,81.50,93,28
06:45:49,81,2405,78.18,93,28
06:45:59,83,2405,81.97,93,28
06:46:09,80,2405,79.23,93,28
06:46:19,81,2398,75.07,93,28
06:46:29,80,2444,75.16,93,28
06:46:39,81,2398,77.16,93,28
06:46:49,80,2405,82.31,93,28
06:46:59,82,2411,79.45,93,28
06:47:09,84,2405,80.85,93,28
06:47:19,81,2405,80.73,93,28
06:47:29,79,2398,76.88,93,28
06:47:39,81,2398,83.19,93,28
06:47:50,81,2398,81.51,93,28
06:48:00,81,2418,81.72,93,28
06:48:10,80,2398,83.96,93,28
06:48:20,81,2392,80.54,93,28
06:48:30,81,2398,85.55,93,28
06:48:40,80,2398,84.64,93,28
06:48:50,81,2385,80.79,93,28
06:49:00,81,2398,84.28,93,28
06:49:10,81,2392,79.54,93,28
06:49:20,81,2385,80.02,93,28
06:49:30,85,2398,86.55,93,28
06:49:40,81,2392,83.76,93,28
06:49:50,81,2385,80.19,93,28
06:50:00,82,2398,86.13,93,28
06:50:10,85,2392,84.20,93,28
06:50:20,80,2379,73.46,93,28
06:50:30,81,2398,85.30,93,28
06:50:40,82,2372,83.45,93,28
06:50:50,82,2379,79.52,93,28
06:51:00,83,2398,86.26,93,28
06:51:10,82,2392,83.08,93,28
06:51:21,80,2379,81.77,93,28
06:51:31,81,2398,84.74,93,28
06:51:41,83,2392,81.44,93,28
06:51:51,84,2405,86.59,93,28
06:52:01,84,2392,85.65,93,28
06:52:11,83,2385,81.82,93,28
06:52:21,81,2405,85.75,93,28
06:52:31,82,2398,84.06,93,28
06:52:41,81,2385,80.78,93,28
06:52:51,83,2398,85.25,93,28
06:53:01,81,2392,77.21,93,28
06:53:11,82,2392,80.31,93,28
06:53:21,82,2398,84.96,93,28
06:53:31,73,2450,39.31,93,28
06:53:41,70,2470,37.96,93,28
06:53:51,69,2483,37.13,93,28
06:54:01,76,2398,84.39,93,28
06:54:11,83,2392,90.21,93,28
06:54:21,83,2405,92.75,93,28
06:54:32,84,2398,90.39,93,28
06:54:42,84,2398,90.64,93,28
06:54:52,84,2398,91.69,93,28
06:55:02,82,2392,90.31,93,28
06:55:12,85,2398,93.41,93,28
06:55:22,85,2385,89.74,93,28
06:55:32,76,2444,67.44,93,28
06:55:42,73,2463,40.59,93,28
06:55:52,80,2392,88.10,93,28
06:56:02,84,2398,90.71,93,28
06:56:12,84,2359,87.80,93,28
06:56:22,85,2398,92.02,93,28
06:56:32,84,2379,89.90,93,28
06:56:42,85,2385,89.59,93,28
06:56:52,81,2372,91.10,93,28
06:57:02,85,2392,90.91,93,28
06:57:12,85,2398,90.72,93,28
06:57:22,82,2372,84.27,93,28
06:57:32,83,2372,87.85,93,28
06:57:42,85,2398,90.17,93,28
06:57:52,82,2372,84.71,93,28
06:58:02,86,2379,90.38,93,28
06:58:13,85,2392,89.50,93,28
06:58:23,83,2366,90.90,93,28
06:58:33,82,2385,91.04,93,28
06:58:43,84,2385,90.24,93,28
06:58:53,85,2398,91.72,93,28
06:59:03,72,2463,39.10,93,28
06:59:13,70,2476,38.46,93,28
06:59:23,69,2483,38.25,93,28
06:59:33,70,2483,38.45,93,28
06:59:43,70,2483,38.33,93,28
06:59:53,70,2476,38.50,93,28
07:00:03,70,2483,39.85,93,28
07:00:13,81,2392,89.98,93,28
07:00:23,85,2379,87.79,93,28
07:00:33,83,2398,90.11,93,28
07:00:43,84,2385,88.83,93,28
07:00:53,85,2372,90.07,93,28
07:01:03,83,2392,89.27,93,28
07:01:13,84,2392,92.39,93,28
07:01:24,85,2379,90.25,93,28
07:01:34,85,2398,90.08,93,28
07:01:44,84,2366,87.72,93,28
07:01:54,85,2398,91.24,93,28
07:02:04,85,2359,86.62,93,28
07:02:14,84,2385,89.73,93,28
07:02:24,86,2366,88.85,93,28
07:02:34,85,2379,89.77,93,28
07:02:44,86,2398,91.34,93,28
07:02:54,83,2385,88.30,93,28
07:03:04,82,2398,91.55,93,28
07:03:14,82,2379,84.26,93,28
07:03:24,83,2385,88.65,93,28
07:03:34,83,2385,88.27,93,28
07:03:44,85,2372,89.31,93,28
07:03:54,85,2398,90.47,93,28
07:04:04,86,2379,90.64,93,28
07:04:14,82,2372,90.45,93,28
07:04:24,86,2392,93.08,93,28
07:04:34,85,2392,89.49,93,28
07:04:44,82,2379,85.25,93,28
07:04:54,82,2398,83.99,93,28
07:05:04,86,2359,88.64,93,28
07:05:14,83,2392,88.94,93,28
07:05:24,85,2379,91.08,93,28
07:05:35,85,2392,88.37,93,28
07:05:45,85,2379,90.40,93,28
07:05:55,82,2405,87.82,93,28
07:06:05,83,2385,92.24,93,28
07:06:15,85,2385,89.00,93,28
07:06:25,73,2457,40.02,93,28
07:06:35,71,2470,39.33,93,28
07:06:45,70,2470,38.94,93,28
07:06:55,69,2470,52.13,93,28
07:07:05,71,2470,39.24,93,28
07:07:15,71,2476,39.44,93,28
07:07:25,71,2470,39.26,93,28
07:07:35,71,2476,38.58,93,28
07:07:45,71,2483,40.54,93,28
07:07:55,82,2372,87.79,93,28
07:08:05,85,2398,91.74,93,28
07:08:15,83,2366,89.11,93,28
07:08:25,84,2398,90.83,93,28
07:08:36,84,2385,88.42,93,28
07:08:46,86,2359,92.01,93,28
07:08:56,82,2392,88.21,93,28
07:09:06,86,2385,91.42,93,28
07:09:16,85,2385,86.61,93,28
07:09:26,82,2385,86.80,93,28
07:09:36,82,2372,87.94,93,28
07:09:46,85,2392,89.97,93,28
07:09:56,82,2392,91.08,93,28
07:10:06,85,2372,89.30,93,28
07:10:16,83,2392,90.77,93,28
07:10:26,81,2398,86.17,93,28
07:10:36,84,2372,91.42,93,28
07:10:46,83,2405,89.70,93,28
07:10:56,83,2379,86.51,93,28
07:11:06,84,2385,87.23,93,28
07:11:16,83,2372,88.91,93,28
07:11:26,83,2398,89.86,93,28
07:11:36,85,2385,89.77,93,28
07:11:46,86,2385,90.27,93,28
07:11:56,84,2385,88.90,93,28
07:12:06,83,2379,89.27,93,28
07:12:16,85,2385,91.87,93,28
07:12:26,85,2392,88.82,93,28
07:12:37,85,2379,88.64,93,28
07:12:47,83,2398,89.73,93,28
07:12:57,85,2366,87.72,93,28
07:13:07,80,2385,85.38,93,28
07:13:17,83,2379,89.67,93,28
07:13:27,85,2385,89.66,93,28
07:13:37,84,2385,91.11,93,28
07:13:47,85,2392,90.66,93,28
07:13:57,86,2392,92.43,93,28
07:14:07,83,2385,87.42,93,28
07:14:17,83,2372,87.83,93,28
07:14:27,83,2379,90.75,93,28
07:14:37,83,2385,88.88,93,28
07:14:47,84,2385,92.72,93,28
07:14:57,86,2379,89.71,93,28
07:15:07,83,2398,91.80,93,28
07:15:17,86,2431,88.31,93,28
07:15:27,83,2405,90.45,93,28
07:15:37,83,2385,86.60,93,28
07:15:47,84,2379,90.91,93,28
07:15:57,84,2379,88.19,93,28
07:16:07,85,2405,91.74,93,28
07:16:17,85,2359,89.04,93,28
07:16:27,85,2379,91.74,93,28
07:16:37,83,2385,88.82,93,28
07:16:47,85,2411,92.29,93,28
07:16:58,86,2385,90.03,93,28
07:17:08,83,2379,83.32,93,28
07:17:18,83,2346,86.98,93,28
07:17:28,84,2385,89.48,93,28
07:17:38,85,2385,90.48,93,28
07:17:48,83,2372,89.89,93,28
07:17:58,83,2398,88.99,93,28
07:18:08,85,2359,91.17,93,28
07:18:18,86,2398,89.04,93,28
07:18:28,83,2379,88.89,93,28
07:18:38,83,2405,91.10,93,28
07:18:48,83,2385,88.37,93,28
07:18:58,82,2372,87.90,93,28
07:19:08,82,2379,91.40,93,28
07:19:18,85,2366,89.18,93,28
07:19:28,83,2385,90.06,93,28
07:19:38,85,2398,91.40,93,28
07:19:48,83,2411,88.93,93,28
07:19:58,83,2379,89.91,93,28
07:20:08,77,2359,86.49,93,28
07:20:18,84,2398,89.94,93,28
07:20:28,72,2437,39.25,93,28
07:20:39,70,2437,38.32,93,28
07:20:49,69,2437,37.93,93,28
07:20:59,69,2444,37.76,93,28
07:21:09,69,2437,37.92,93,28
07:21:19,80,2411,89.53,93,28
07:21:29,81,2385,88.41,93,28
07:21:39,73,2437,39.24,93,28
07:21:49,72,2437,38.99,93,28
07:21:59,71,2444,38.45,93,28
07:22:09,70,2437,38.15,93,28
07:22:19,69,2437,37.41,93,28
07:22:29,69,2444,37.61,93,28
07:22:39,69,2483,40.03,93,28
07:22:49,80,2398,88.68,93,28
07:22:59,81,2405,89.15,93,28
07:23:09,84,2379,90.06,93,28
07:23:20,86,2398,90.55,93,28
07:23:30,82,2385,88.48,93,28
07:23:40,83,2385,90.20,93,28
07:23:50,85,2359,90.08,93,28
07:24:00,86,2405,92.40,93,28
07:24:10,85,2398,89.61,93,28
07:24:20,83,2385,88.43,93,28
07:24:30,79,2398,84.85,93,28
07:24:40,84,2366,89.19,93,28
07:24:50,84,2385,90.37,93,28
07:25:00,85,2366,89.26,93,28
07:25:10,85,2392,90.61,93,28
07:25:20,83,2379,90.37,93,28
07:25:30,82,2398,90.56,93,28
07:25:40,82,2392,91.89,93,28
07:25:50,83,2385,84.56,93,28
07:26:00,84,2359,87.59,93,28
07:26:10,85,2385,90.81,93,28
07:26:20,85,2379,87.21,93,28
07:26:30,83,2359,89.79,93,28
07:26:40,83,2385,86.50,93,28
07:26:50,85,2405,91.81,93,28
07:27:00,83,2385,89.74,93,28
07:27:10,86,2398,92.67,93,28
07:27:21,82,2379,84.23,93,28
07:27:31,85,2359,89.50,93,28
07:27:41,85,2359,88.12,93,28
07:27:51,83,2398,89.83,93,28
07:28:01,84,2398,90.93,93,28
07:28:11,85,2385,89.16,93,28
07:28:21,85,2398,89.82,93,28
07:28:31,85,2379,89.87,93,28
07:28:41,85,2379,88.61,93,28
07:28:51,81,2398,88.46,93,28
07:29:01,82,2353,87.25,93,28
07:29:11,84,2372,87.95,93,28
07:29:21,83,2398,89.64,93,28
07:29:31,85,2379,89.83,93,28
07:29:41,84,2385,89.54,93,28
07:29:51,84,2405,90.49,93,28
07:30:01,85,2385,89.63,93,28
07:30:11,85,2398,92.84,93,28
07:30:21,86,2392,89.77,93,28
07:30:31,85,2385,89.65,93,28
07:30:41,85,2385,88.54,93,28
07:30:51,83,2372,89.98,93,28
07:31:01,84,2392,89.31,93,28
07:31:11,85,2372,89.87,93,28
07:31:22,83,2398,91.13,93,28
07:31:32,84,2379,90.26,93,28
07:31:42,83,2385,88.85,93,28
07:31:52,83,2392,92.75,93,28
07:32:02,83,2385,84.54,93,28
07:32:12,83,2353,87.03,93,28
07:32:22,84,2398,91.41,93,28
07:32:32,84,2372,87.86,93,28
07:32:42,83,2392,92.03,93,28
07:32:52,85,2385,91.29,93,28
07:33:02,85,2379,89.47,93,28
07:33:12,86,2385,90.98,93,28
07:33:22,84,2392,89.65,93,28
07:33:32,83,2398,87.56,93,28
07:33:42,85,2372,87.36,93,28
07:33:52,85,2379,87.76,93,28
07:34:02,84,2392,91.57,93,28
07:34:12,86,2366,87.67,93,28
07:34:22,85,2385,91.24,93,28
07:34:32,85,2398,90.79,93,28
07:34:42,85,2353,88.95,93,28
07:34:52,82,2372,91.06,93,28
07:35:02,85,2398,89.84,93,28
07:35:12,84,2385,89.93,93,28
07:35:23,83,2385,87.99,93,28
07:35:33,83,2379,89.03,93,28
07:35:43,83,2385,85.94,93,28
07:35:53,85,2372,89.33,93,28
07:36:03,85,2405,88.80,93,27
07:36:13,83,2385,90.96,93,28
07:36:23,85,2372,89.24,93,28
07:36:33,85,2392,90.35,93,27
07:36:43,83,2372,86.46,93,28
07:36:53,85,2398,90.91,93,28
07:37:03,82,2333,86.24,93,28
07:37:13,85,2340,85.20,93,28
07:37:23,81,2359,85.97,93,28
07:37:33,83,2346,86.22,93,28
07:37:43,82,2398,91.37,93,28
07:37:53,85,2398,91.34,93,28
07:38:03,86,2385,91.01,93,28
07:38:13,83,2379,84.37,93,28
07:38:23,85,2385,87.41,93,27
07:38:33,84,2392,91.11,93,28
07:38:43,83,2392,91.13,93,28
07:38:53,82,2385,89.21,93,28
07:39:03,83,2398,92.35,93,28
07:39:13,85,2366,90.86,93,28
07:39:23,86,2398,91.42,93,28
07:39:34,83,2398,87.77,93,28
07:39:44,86,2385,90.56,93,28
07:39:54,84,2385,89.83,93,28
07:40:04,82,2385,90.70,93,28
07:40:14,85,2392,89.71,93,28
07:40:24,82,2392,91.35,93,28
07:40:34,82,2398,90.86,93,28
07:40:44,85,2366,87.62,93,28
07:40:54,86,2385,88.48,93,28
07:41:04,85,2398,92.59,93,28
07:41:14,85,2392,90.19,93,28
07:41:24,84,2379,89.16,93,28
07:41:34,84,2379,90.74,93,28
07:41:44,81,2359,89.95,93,28
07:41:54,85,2372,89.94,93,28
07:42:04,83,2398,92.23,93,28
07:42:14,85,2385,89.37,93,28
07:42:24,85,2385,91.77,93,28
07:42:34,83,2372,89.38,93,28
07:42:44,85,2392,91.41,93,28
07:42:54,83,2385,88.28,93,28
07:43:04,83,2372,88.14,93,28
07:43:14,84,2379,89.60,93,28
07:43:24,85,2398,93.14,93,28
07:43:34,85,2392,89.74,93,28
07:43:44,84,2392,92.40,93,28
07:43:55,82,2405,90.75,93,28
07:44:05,86,2411,92.35,93,28
07:44:15,85,2385,91.20,93,28
07:44:25,82,2385,90.45,93,28
07:44:35,81,2398,71.48,93,28
07:44:45,80,2411,76.31,93,28
07:44:55,80,2418,79.26,93,28
07:45:05,78,2411,81.06,93,28
07:45:15,80,2411,82.49,93,28
07:45:25,80,2418,85.23,93,28
07:45:35,84,2418,85.18,93,27
07:45:45,80,2411,85.36,93,27
07:45:55,80,2418,86.39,93,28
07:46:05,84,2418,87.54,93,28
07:46:15,83,2424,85.11,93,28
07:46:25,79,2424,86.56,93,28
07:46:35,81,2411,74.27,93,28
07:46:45,80,2418,78.67,93,28
07:46:55,80,2411,80.78,93,28
07:47:05,83,2424,81.79,93,28
07:47:15,83,2424,83.91,93,28
07:47:25,80,2424,84.45,93,28
07:47:35,84,2411,86.16,93,28
07:47:46,81,2418,84.97,93,28
07:47:56,85,2418,86.46,93,28
07:48:06,85,2418,85.86,93,28
07:48:16,84,2405,85.06,93,28
07:48:26,72,2437,40.03,93,28
07:48:36,70,2444,38.92,93,28
07:48:46,69,2437,38.29,93,28
07:48:56,79,2411,72.16,93,28
07:49:06,79,2411,78.12,93,28
07:49:16,85,2411,82.82,93,28
07:49:26,83,2405,86.65,93,28
07:49:36,86,2398,85.12,93,28
07:49:46,82,2405,86.78,93,28
07:49:56,82,2405,88.80,93,28
07:50:06,86,2405,87.32,93,28
07:50:16,85,2405,90.93,93,28
07:50:26,79,2411,89.52,93,28
07:50:36,85,2398,87.68,93,28
07:50:46,83,2398,85.97,93,28
07:50:56,83,2405,88.69,93,28
07:51:07,83,2392,87.13,93,28
07:51:17,85,2411,89.45,93,28
07:51:27,82,2379,88.79,93,28
07:51:37,85,2392,89.42,93,28
07:51:47,84,2392,90.20,93,28
07:51:57,81,2392,88.50,93,28
07:52:07,85,2405,91.90,93,28
07:52:17,81,2359,82.06,93,28
07:52:27,84,2392,85.34,93,28
07:52:37,85,2385,87.75,93,28
07:52:47,82,2398,85.84,93,28
07:52:57,84,2398,89.95,93,28
07:53:07,82,2405,91.19,93,28
07:53:17,85,2366,87.81,93,28
07:53:27,86,2411,90.97,93,28
07:53:37,84,2385,88.12,93,27
07:53:47,82,2405,92.15,93,28
07:53:57,82,2392,84.28,93,28
07:54:07,84,2372,86.06,93,28
07:54:17,81,2392,87.00,93,28
07:54:27,82,2411,85.21,93,28
07:54:37,85,2405,88.37,93,28
07:54:47,84,2366,89.72,93,28
07:54:57,85,2405,90.50,93,28
07:55:08,82,2385,91.05,93,28
07:55:18,83,2392,89.32,93,28
07:55:28,83,2392,89.88,93,28
07:55:38,81,2392,83.96,93,28
07:55:48,85,2405,87.77,93,28
07:55:58,82,2372,86.97,93,28
07:56:08,82,2398,88.05,93,28
07:56:18,85,2411,91.64,93,28
07:56:28,83,2372,88.61,93,28
07:56:38,85,2392,89.97,93,28
07:56:48,85,2398,89.86,93,28
07:56:58,82,2372,89.70,93,28
07:57:08,81,2398,91.06,93,28
07:57:18,82,2398,84.93,93,28
07:57:28,81,2405,86.45,93,28
07:57:38,84,2392,88.84,93,28
07:57:48,85,2411,90.77,93,28
07:57:58,85,2398,87.79,93,28
07:58:08,82,2411,90.78,93,28
07:58:18,84,2372,88.60,93,28
07:58:28,84,2385,89.83,93,28
07:58:38,85,2392,89.90,93,28
07:58:48,81,2379,81.72,93,28
07:58:58,85,2398,85.51,93,28
07:59:09,82,2392,86.35,93,28
07:59:19,86,2392,88.86,93,28
07:59:29,86,2411,90.23,93,28
07:59:39,85,2398,87.25,93,28
07:59:49,86,2411,90.61,93,28
07:59:59,84,2392,88.86,93,28
08:00:09,83,2405,92.34,93,28
08:00:19,84,2398,86.84,93,28
08:00:29,81,2398,81.26,93,28
08:00:39,85,2398,87.09,93,28
08:00:49,85,2405,89.15,93,28
08:00:59,85,2359,87.18,93,28
08:01:09,86,2405,90.11,93,28
08:01:19,85,2411,87.79,93,28
08:01:29,84,2398,89.28,93,28
08:01:39,85,2405,92.34,93,28
08:01:49,85,2392,87.78,93,28
08:01:59,81,2411,93.32,93,28
08:02:09,81,2379,82.54,93,28
08:02:19,84,2398,85.28,93,28
08:02:29,84,2398,88.00,93,28
08:02:39,86,2398,88.93,93,28
08:02:49,84,2405,86.53,93,28
08:02:59,82,2405,90.80,93,28
08:03:09,85,2405,88.06,93,28
08:03:20,82,2379,88.81,93,28
08:03:30,82,2405,90.47,93,28
08:03:40,85,2385,88.29,93,28
08:03:50,83,2392,83.53,93,28
08:04:00,83,2405,87.20,93,28
08:04:10,85,2405,88.77,93,28
08:04:20,83,2392,87.16,93,27
08:04:30,85,2405,89.53,93,28
08:04:40,81,2398,89.90,93,28
08:04:50,81,2385,89.04,93,28
08:05:00,86,2405,91.51,93,28
08:05:10,84,2392,87.71,93,28
08:05:20,83,2405,89.67,93,28
08:05:30,81,2392,84.67,93,28
08:05:40,82,2405,86.43,93,28
08:05:50,84,2392,86.82,93,28
08:06:00,83,2405,91.16,93,28
08:06:10,84,2366,88.04,93,27
08:06:20,83,2405,89.05,93,28
08:06:30,83,2405,89.13,93,28
08:06:40,81,2392,89.19,93,28
08:06:50,84,2405,91.59,93,28
08:07:00,82,2398,87.16,93,28
08:07:11,84,2398,85.35,93,28
08:07:21,82,2398,86.81,93,28
08:07:31,85,2398,90.01,93,28
08:07:41,82,2392,88.53,93,28
08:07:51,82,2385,88.79,93,28
08:08:01,86,2405,90.21,93,28
08:08:11,85,2392,88.78,93,28
08:08:21,85,2398,92.39,93,28
08:08:31,84,2385,87.22,93,28
08:08:41,81,2379,81.99,93,28
08:08:51,83,2398,87.37,93,28
08:09:01,83,2398,87.11,93,28
08:09:11,84,2392,88.75,93,28
08:09:21,84,2411,90.53,93,28
08:09:31,85,2372,87.59,93,28
08:09:41,86,2392,89.68,93,28
08:09:51,83,2411,89.23,93,28
08:10:01,85,2385,90.22,93,28
08:10:11,82,2372,85.97,93,28
08:10:21,84,2379,85.47,93,27
08:10:31,82,2372,86.86,93,28
08:10:41,84,2379,87.02,93,28
08:10:51,85,2385,91.90,93,28
08:11:01,82,2372,86.86,93,28
08:11:12,82,2385,91.29,93,28
08:11:22,85,2359,88.24,93,28
08:11:32,82,2372,85.53,93,28
08:11:42,84,2385,89.17,93,28
08:11:52,85,2385,88.22,93,28
08:12:02,84,2353,87.48,93,28
08:12:12,85,2366,91.59,93,28
08:12:22,81,2385,87.45,93,28
08:12:32,82,2405,91.94,93,28
08:12:42,84,2346,87.24,93,28
08:12:52,85,2398,93.08,93,28
08:13:02,81,2366,84.00,93,28
08:13:12,84,2359,86.78,93,28
08:13:22,83,2392,90.92,93,28
08:13:32,81,2340,87.29,93,28
08:13:42,82,2372,89.21,93,28
08:13:52,84,2398,91.34,93,28
08:14:02,84,2379,90.46,93,28
08:14:12,85,2392,92.09,93,28
08:14:22,84,2379,89.08,93,28
08:14:32,85,2398,91.72,93,28
08:14:42,72,2463,40.80,93,28
08:14:52,70,2483,40.35,93,28
08:15:03,61,208,6.16,4,117
08:15:13,59,234,5.76,4,117
08:15:23,57,240,5.68,4,117
08:15:33,56,2405,13.53,27,93
08:15:43,56,2405,13.41,28,93
08:15:53,55,2405,13.34,27,93
08:16:03,60,2496,44.94,42,79
08:16:13,64,2476,43.60,42,79
08:16:23,66,2476,44.34,42,79
08:16:33,67,2476,45.01,42,79
08:16:43,69,2457,46.27,42,79
08:16:53,70,2476,45.63,42,79
08:17:03,71,2476,45.92,42,79
08:17:13,71,2476,46.50,42,79
08:17:23,72,2476,46.27,42,79
08:17:34,72,2457,46.61,42,79
08:17:44,73,2457,47.85,42,79
08:17:54,73,2457,47.20,42,79
08:18:04,74,2457,47.07,42,78
08:18:14,74,2457,47.67,42,78
08:18:24,74,2457,47.63,42,78
08:18:34,75,2457,47.82,42,78
08:18:44,75,2457,47.96,42,78
08:18:54,75,2457,47.86,42,78
08:19:04,75,2457,48.19,42,78
08:19:14,75,2457,47.82,42,78
08:19:24,75,2457,47.95,42,78
08:19:34,74,2457,47.17,42,78
08:19:44,74,2457,47.42,42,78
08:19:54,73,2457,46.86,43,78
08:20:04,73,2457,46.87,43,78
08:20:15,73,2457,46.99,43,78
08:20:25,73,2457,47.20,43,78
08:20:35,73,2457,47.46,43,78
08:20:45,72,2457,46.74,43,78
08:20:55,72,2457,47.07,43,78
08:21:05,72,2457,46.78,43,78
08:21:15,72,2457,46.80,43,78
08:21:25,72,2457,46.44,43,78
08:21:35,72,2457,46.42,43,78
08:21:45,71,2457,46.35,43,78
08:21:55,72,2457,46.37,43,78
08:22:05,72,2476,46.43,43,78
08:22:15,71,2476,46.55,43,78
08:22:25,72,2476,46.98,43,78
08:22:35,71,2476,47.05,43,77
08:22:46,71,2476,46.37,43,77
08:22:56,71,2476,46.33,43,77
08:23:06,71,2476,46.29,43,77
08:23:16,71,2476,46.58,43,77
08:23:26,71,2476,46.35,43,77
08:23:36,71,2476,46.51,44,77
08:23:46,71,2476,46.83,44,77
08:23:56,71,2476,46.98,45,76
08:24:06,71,2476,46.22,45,76
08:24:16,76,2424,56.36,46,75
08:24:26,71,2476,45.97,46,75
08:24:36,72,2457,52.69,46,74
08:24:46,72,2457,52.10,46,75
08:24:56,73,2457,53.30,46,75
08:25:06,68,2418,36.47,46,74
08:25:16,72,2457,47.07,48,73
08:25:26,72,2463,48.23,51,70
08:25:36,72,2457,50.49,52,69
08:25:47,73,2457,50.61,52,69
08:25:57,74,2457,51.40,52,68
08:26:07,72,2457,46.49,52,68
08:26:17,73,2457,50.05,53,68
08:26:27,73,2457,47.47,53,68
08:26:37,73,2457,47.63,53,68
08:26:47,80,2444,72.96,54,67
08:26:57,75,2450,48.74,54,66
08:27:07,74,2444,47.43,54,66
08:27:17,73,2450,46.88,55,66
08:27:27,73,2450,46.53,55,66
08:27:37,74,2424,42.85,56,65
08:27:47,75,2444,46.83,56,65
08:27:57,74,2444,48.27,56,65
08:28:07,73,2450,47.10,56,65
08:28:17,78,2450,78.66,57,64
08:28:27,79,2431,78.52,57,63
08:28:37,81,2424,78.94,58,63
08:28:48,83,2444,75.92,59,62
08:28:58,77,2457,50.18,59,62
08:29:08,76,2457,49.59,59,62
08:29:18,75,2457,49.51,59,62
08:29:28,76,2457,55.66,59,62
08:29:38,83,2418,72.27,60,61
08:29:48,82,2431,80.22,61,60
08:29:58,81,2431,57.24,61,59
08:30:08,77,2457,56.88,62,59
08:30:18,83,2392,79.71,63,58
08:30:28,77,2457,50.79,63,58
08:30:38,76,2457,50.31,63,58
08:30:48,75,2457,49.55,63,58
08:30:58,74,2457,46.78,63,58
08:31:08,72,2450,59.63,64,56
08:31:18,76,2431,72.83,65,56
08:31:28,76,2457,49.39,66,55
08:31:38,75,2457,48.70,66,54
08:31:49,75,2457,57.04,66,54
08:31:59,75,2450,54.69,66,55
08:32:09,76,2450,56.79,66,55
08:32:19,76,2450,47.57,66,55
08:32:29,82,2431,80.96,66,55
08:32:39,76,2457,48.28,66,54
08:32:49,75,2457,47.49,66,54
08:32:59,74,2457,46.90,66,55
08:33:09,74,2457,47.11,66,54
08:33:19,74,2437,54.83,66,54
08:33:29,74,2457,47.79,66,54
08:33:39,73,2457,46.95,66,54
08:33:49,73,2457,46.59,66,54
08:33:59,68,2398,17.41,66,55
08:34:09,80,2431,80.85,66,55
08:34:19,80,2431,78.43,66,55
08:34:29,83,2411,83.39,66,55
08:34:39,75,2450,47.62,66,55
08:34:50,75,2444,47.31,66,55
08:35:00,74,2444,47.25,66,55
08:35:10,74,2450,47.37,66,55
08:35:20,74,2450,47.26,66,55
08:35:30,73,2450,46.51,66,55
08:35:40,79,2424,61.23,66,55
08:35:50,79,2385,76.19,66,54
08:36:00,74,2444,47.02,66,54
08:36:10,74,2444,46.92,66,54
08:36:20,73,2444,46.63,66,54
08:36:30,73,2450,47.59,66,54
08:36:40,73,2444,46.66,66,54
08:36:50,72,2450,46.66,66,54
08:37:00,66,2392,17.30,66,55
08:37:10,79,2392,77.76,65,55
08:37:20,81,2366,81.92,66,55
08:37:31,80,2424,79.41,66,55
08:37:41,85,2379,82.79,66,55
08:37:51,81,2424,74.13,66,55
08:38:01,85,2372,82.03,66,55
08:38:11,85,2359,76.56,66,55
08:38:21,79,2457,51.78,66,54
08:38:31,78,2457,51.27,66,54
08:38:41,77,2457,50.57,66,54
08:38:51,76,2457,50.24,66,54
08:39:01,76,2457,50.43,66,54
08:39:11,75,2450,50.18,66,54
08:39:21,73,2457,50.34,66,54
08:39:31,75,2457,50.14,66,54
08:39:41,74,2457,50.94,67,54
08:39:51,77,2385,73.47,66,54
08:40:01,81,2372,87.55,66,54
08:40:11,82,2340,78.59,67,54
08:40:21,82,2333,79.78,67,54
08:40:31,78,2255,79.02,67,54
08:40:42,77,2450,50.20,67,54
08:40:52,76,2457,50.59,67,54
08:41:02,76,2457,50.00,67,54
08:41:12,75,2457,50.14,67,54
08:41:22,74,2457,50.19,67,54
08:41:32,75,2450,49.83,67,54
08:41:42,75,2457,49.95,67,54
08:41:52,74,2457,50.87,67,54
08:42:02,73,2444,46.36,67,54
08:42:12,69,2398,22.27,68,53
08:42:22,72,2463,48.71,65,55
08:42:32,67,2392,19.98,67,54
08:42:42,73,2457,49.79,66,55
08:42:52,79,2437,77.20,66,54
08:43:02,70,2457,45.99,66,55
08:43:12,78,2444,72.57,66,54
08:43:22,74,2457,50.06,66,55
08:43:32,79,2431,77.64,66,55
08:43:43,76,2437,54.03,67,54
08:43:53,74,2444,47.64,67,54
08:44:03,80,2431,78.80,67,54
08:44:13,74,2437,62.18,67,54
08:44:23,75,2444,47.76,67,54
08:44:33,75,2450,47.86,67,54
08:44:43,78,2450,60.91,66,55
08:44:53,80,2431,78.57,66,54
08:45:03,83,2424,82.53,67,54
08:45:13,83,2418,76.55,68,53
08:45:23,77,2457,51.01,68,53
08:45:33,76,2457,50.06,68,53
08:45:43,77,2457,50.40,68,53
08:45:53,81,2392,82.18,68,53
08:46:03,83,2418,70.81,68,53
08:46:13,80,2411,78.54,68,52
08:46:23,79,2457,51.23,68,52
08:46:33,78,2457,49.93,68,52
08:46:44,77,2457,50.33,68,52
08:46:54,76,2450,47.68,68,52
08:47:04,82,2431,79.67,66,55
08:47:14,76,2457,48.03,65,55
08:47:24,79,2450,74.31,67,54
08:47:34,82,2398,80.97,66,54
08:47:44,81,2437,76.86,66,55
08:47:54,82,2418,82.36,66,55
08:48:04,81,2431,79.43,66,55
08:48:14,83,2424,81.79,66,55
08:48:24,86,2418,80.49,66,55
08:48:34,81,2437,60.49,66,55
08:48:44,84,2411,82.52,66,55
08:48:54,86,2405,82.81,66,55
08:49:04,84,2405,81.22,66,55
08:49:14,84,2405,79.65,66,55
08:49:24,82,2431,77.26,66,55
08:49:34,81,2405,80.64,66,55
08:49:44,84,2418,83.24,66,55
08:49:55,84,2411,82.80,66,55
08:50:05,85,2379,80.95,66,55
08:50:15,85,2385,81.97,66,55
08:50:25,84,2379,85.29,66,55
08:50:35,77,2457,48.12,66,54
08:50:45,78,2385,85.92,66,54
08:50:55,85,2385,86.69,66,54
08:51:05,84,2405,85.96,66,54
08:51:15,82,2392,85.68,66,55
08:51:25,83,2372,80.61,66,55
08:51:35,83,2327,83.14,66,55
08:51:45,83,2424,81.44,66,55
08:51:55,84,2327,82.81,66,55
08:52:05,77,2457,46.53,66,55
08:52:15,70,2392,34.32,66,55
08:52:25,80,2431,80.36,66,55
08:52:35,82,2405,80.94,66,55
08:52:45,83,2385,81.38,66,55
08:52:55,83,2398,82.72,66,55
08:53:05,85,2372,82.21,66,55
08:53:15,86,2346,85.02,66,54
08:53:26,82,2431,76.21,66,54
08:53:36,82,2359,82.49,66,54
08:53:46,84,2353,87.51,66,54
08:53:56,83,2359,84.95,66,54
08:54:06,86,2366,89.37,66,54
08:54:16,81,2411,81.00,67,54
08:54:26,83,2320,82.00,66,54
08:54:36,79,2359,86.65,66,54
08:54:46,84,2353,82.83,67,54
08:54:56,82,2353,81.30,67,54
08:55:06,76,2431,61.13,67,54
08:55:16,74,2444,46.34,67,54
08:55:26,81,2359,87.52,67,54
08:55:36,84,2340,82.62,67,54
08:55:46,83,2210,78.30,67,54
08:55:56,86,2307,83.50,67,54
08:56:06,85,2320,83.88,67,54
08:56:16,85,2346,71.23,66,54
08:56:26,84,2288,87.10,67,54
08:56:36,83,2405,85.74,67,54
08:56:47,84,2275,79.47,66,54
08:56:57,86,2294,88.21,66,54
08:57:07,83,2333,89.42,66,54
08:57:17,83,2314,83.35,67,54
08:57:27,83,2294,84.52,67,54
08:57:37,83,2340,84.21,66,54
08:57:47,84,2359,84.22,66,54
08:57:57,83,2353,89.93,66,54
08:58:07,83,2333,86.30,67,54
08:58:17,83,2275,82.88,67,54
08:58:27,81,2333,82.59,67,54
08:58:37,83,2333,82.72,67,54
08:58:47,83,2275,86.69,67,54
08:58:57,78,2411,64.21,67,54
08:59:07,75,2450,47.00,67,54
08:59:17,77,2437,75.62,66,55
08:59:27,80,2424,81.36,66,55
08:59:37,72,2457,43.94,66,55
08:59:47,77,2450,76.86,66,55
08:59:57,80,2424,79.89,66,55
09:00:08,81,2411,83.69,66,55
09:00:18,78,2457,60.42,66,55
09:00:28,72,2457,44.41,66,55
09:00:38,82,2424,80.78,66,55
09:00:48,84,2418,81.24,66,55
09:00:58,83,2372,83.25,66,55
09:01:08,85,2366,83.98,66,55
09:01:18,87,2385,83.48,66,55
09:01:28,84,2366,84.35,66,54
09:01:38,75,2457,49.59,66,55
09:01:48,74,2437,58.28,66,55
09:01:58,72,2457,45.16,66,55
09:02:08,79,2444,79.17,66,55
09:02:18,81,2418,79.14,66,55
09:02:28,81,2418,82.78,66,55
09:02:38,82,2411,83.79,66,55
09:02:48,84,2398,84.87,66,54
09:02:58,83,2372,84.80,66,55
09:03:08,84,2398,86.22,66,55
09:03:18,84,2392,85.25,66,55
09:03:29,83,2346,85.02,66,54
09:03:39,86,2359,85.83,66,54
09:03:49,84,2366,84.38,66,54
09:03:59,85,2340,87.41,67,54
09:04:09,84,2379,83.02,67,54
09:04:19,82,2327,85.47,67,54
09:04:29,85,2340,87.13,67,54
09:04:39,75,2457,50.63,66,55
09:04:49,73,2444,46.14,66,55
09:04:59,75,2392,43.71,66,55
09:05:09,72,2444,45.44,66,55
09:05:19,72,2444,45.87,66,55
09:05:29,79,2444,77.04,66,54
09:05:39,83,2424,81.11,66,54
09:05:49,84,2398,82.99,66,54
09:05:59,84,2398,83.90,66,55
09:06:09,85,2405,84.26,66,55
09:06:19,86,2398,85.06,66,54
09:06:30,85,2405,86.72,66,54
09:06:40,85,2385,88.18,66,54
09:06:50,86,2353,88.93,67,54
09:07:00,85,2359,89.87,67,54
09:07:10,84,2359,89.55,67,54
09:07:20,84,2353,88.40,67,54
09:07:30,85,2359,89.52,67,54
09:07:40,83,2353,89.24,67,54
09:07:50,84,2346,88.99,67,54
09:08:00,83,2333,86.55,67,54
09:08:10,85,2346,86.18,67,54
09:08:20,84,2359,88.06,67,54
09:08:30,86,2346,89.38,67,54
09:08:40,84,2346,87.93,67,54
09:08:50,83,2346,85.27,67,53
09:09:00,83,2366,87.36,67,53
09:09:10,84,2242,84.71,67,53
09:09:20,86,2262,86.10,67,53
09:09:30,84,2320,87.98,67,53
09:09:40,85,2320,89.36,67,53
09:09:50,83,2294,89.05,68,53
09:10:01,86,2268,89.97,68,53
09:10:11,78,2223,88.23,68,53
09:10:21,86,2262,86.48,68,53
09:10:31,84,2294,86.30,68,53
09:10:41,84,2327,88.77,68,53
09:10:51,84,2327,90.59,68,53
09:11:01,85,2307,89.08,68,53
09:11:11,83,2255,87.10,68,53
09:11:21,82,2262,85.13,68,53
09:11:31,80,2288,87.54,68,53
09:11:41,83,2249,89.50,68,53
09:11:51,85,2314,89.43,68,53
09:12:01,70,2398,18.01,66,55
09:12:11,74,2418,49.45,65,56
09:12:21,72,2450,48.71,65,55
09:12:31,74,2450,48.62,65,55
09:12:41,73,2450,49.53,65,55
09:12:51,80,2307,66.75,66,55
09:13:01,74,2450,49.42,66,55
09:13:11,75,2444,57.49,65,55
09:13:22,77,2450,49.76,66,55
09:13:32,76,2450,50.01,65,55
09:13:42,76,2444,45.31,65,55
09:13:52,83,2405,86.35,67,54
09:14:02,84,2405,86.69,66,54
09:14:12,83,2398,87.58,66,54
09:14:22,86,2353,84.98,66,54
09:14:32,85,2379,85.16,66,55
09:14:42,84,2366,85.59,66,55
09:14:52,85,2379,87.35,66,55
09:15:02,76,2457,50.43,65,55
09:15:12,78,2450,77.14,67,54
09:15:22,81,2424,80.62,66,54
09:15:32,82,2411,82.92,66,55
09:15:42,85,2405,85.11,66,55
09:15:52,85,2392,85.20,66,55
09:16:02,85,2333,84.83,66,55
09:16:12,85,2418,70.90,66,54
09:16:22,81,2431,73.20,66,55
09:16:33,81,2424,79.23,66,55
09:16:43,81,2418,82.43,66,55
09:16:53,83,2398,82.53,66,55
09:17:03,83,2392,83.67,66,55
09:17:13,84,2385,85.58,66,55
09:17:23,81,2320,81.17,66,55
09:17:33,84,2385,84.09,66,55
09:17:43,84,2379,87.81,66,55
09:17:53,83,2366,88.20,66,55
09:18:03,86,2372,87.09,66,55
09:18:13,86,2366,88.78,66,55
09:18:23,85,2327,87.21,66,55
09:18:33,83,2327,85.45,66,55
09:18:43,84,2320,84.98,66,55
09:18:53,77,2392,47.47,66,55
09:19:03,78,2450,79.06,66,55
09:19:13,80,2450,79.46,66,55
09:19:23,71,2437,53.84,66,55
09:19:33,82,2424,80.32,66,54
09:19:43,83,2411,83.56,66,55
09:19:53,84,2405,85.01,66,55
09:20:03,83,2372,83.80,66,55
09:20:14,85,2366,85.14,66,55
09:20:24,85,2353,85.26,66,55
09:20:34,85,2398,84.86,66,54
09:20:44,83,2392,86.39,66,55
09:20:54,85,2372,86.33,66,55
09:21:04,83,2346,86.98,66,55
09:21:14,83,2268,85.35,66,55
09:21:24,83,2320,84.98,66,55
09:21:34,84,2275,85.30,66,54
09:21:44,85,2320,84.38,66,54
09:21:54,82,2275,86.00,66,54
09:22:04,84,2301,86.53,66,54
09:22:14,83,2333,88.56,66,54
09:22:24,84,2346,89.78,66,54
09:22:34,84,2320,87.44,66,54
09:22:44,78,2229,85.06,66,54
09:22:54,83,2281,85.17,66,54
09:23:04,85,2288,87.27,66,54
09:23:14,85,2255,89.42,66,54
09:23:24,84,2314,88.36,66,54
09:23:34,85,2327,85.43,66,54
09:23:45,84,2288,85.26,67,54
09:23:55,84,2262,88.08,66,54
09:24:05,84,2294,89.22,66,54
09:24:15,83,2307,87.04,66,54
09:24:25,84,2314,84.54,67,54
09:24:35,83,2288,85.85,66,54
09:24:45,84,2294,89.95,66,54
09:24:55,84,2314,90.59,66,54
09:25:05,83,2223,84.96,67,54
09:25:15,84,2294,84.91,66,54
09:25:25,84,2281,84.36,66,54
09:25:35,83,2320,82.14,66,54
09:25:45,85,2288,87.03,66,54
09:25:55,69,2392,18.42,66,54
09:26:05,65,2398,16.90,65,55
09:26:15,68,2450,50.14,65,56
09:26:25,68,2457,41.52,65,55
09:26:35,70,2463,42.08,65,55
09:26:45,71,2463,42.03,65,55
09:26:55,79,2437,90.41,65,56
09:27:05,63,234,6.30,4,117
09:27:15,62,2405,14.48,20,100
09:27:26,60,2405,14.95,30,91
09:27:36,71,2470,71.14,33,88
09:27:46,75,2450,72.27,33,88
09:27:56,78,2450,73.02,33,88
09:28:06,80,2450,74.40,33,88
09:28:16,82,2431,75.34,33,88
09:28:26,74,2411,55.66,33,87
09:28:36,83,2431,75.29,34,87
09:28:46,83,2431,75.04,34,87
09:28:56,83,2431,75.15,34,86
09:29:06,83,2431,75.94,35,86
09:29:16,83,2431,75.47,35,86
09:29:26,84,2431,75.74,35,86
09:29:36,84,2431,75.48,35,86
09:29:46,84,2431,75.86,35,86
09:29:56,84,2431,75.46,35,86
09:30:07,84,2431,75.93,35,86
09:30:17,85,2431,74.96,35,86
09:30:27,85,2431,74.67,35,85
09:30:37,85,2431,74.19,35,85
09:30:47,84,2431,73.99,35,85
09:30:57,84,2431,73.61,35,85
09:31:07,85,2431,73.50,35,85
09:31:17,85,2437,73.12,35,85
09:31:27,85,2431,73.15,35,85
09:31:37,85,2431,73.19,35,85
09:31:47,84,2431,73.06,35,85
09:31:57,85,2431,72.99,35,85
09:32:07,85,2437,72.57,35,85
09:32:17,84,2437,72.49,35,85
09:32:27,84,2437,72.56,35,85
09:32:37,84,2431,73.08,36,85
09:32:47,85,2437,72.88,36,85
09:32:58,84,2437,72.75,36,85
09:33:08,84,2437,72.75,36,85
09:33:18,84,2431,72.97,36,85
09:33:28,85,2431,73.07,36,85
09:33:38,86,2431,73.25,36,85
09:33:48,85,2431,73.23,36,85
09:33:58,85,2431,73.49,36,85
09:34:08,85,2431,73.84,36,85
09:34:18,85,2431,74.00,36,85
09:34:28,85,2431,73.89,36,85
09:34:38,85,2431,73.88,36,85
09:34:48,85,2431,72.95,36,85
09:34:58,85,2431,73.64,36,85
09:35:08,85,2431,73.47,36,85
09:35:18,85,2431,72.81,36,85
09:35:28,85,2431,73.36,36,85
09:35:38,85,2431,72.45,36,85
09:35:49,85,2437,72.93,36,85
09:35:59,85,2431,72.62,36,85
09:36:09,85,2431,72.75,36,85
09:36:19,85,2431,72.21,36,85
09:36:29,85,2431,72.63,36,85
09:36:39,85,2437,72.77,36,85
09:36:49,85,2437,72.81,36,85
09:36:59,85,2437,72.62,36,85
09:37:09,85,2437,72.05,36,85
09:37:19,85,2437,71.51,36,85
09:37:29,84,2437,70.08,36,85
09:37:39,84,2437,70.18,36,85
09:37:49,85,2437,69.63,36,85
09:37:59,85,2431,71.89,36,85
09:38:09,85,2437,71.79,36,85
09:38:20,84,2437,71.86,36,85
09:38:30,84,2437,71.92,36,85
09:38:40,84,2431,71.67,36,85
09:38:50,84,2437,71.39,36,85
09:39:00,84,2437,71.23,36,85
09:39:10,85,2431,71.61,36,85
09:39:20,84,2437,71.08,36,85
09:39:30,84,2437,71.40,36,85
09:39:40,84,2437,70.98,36,85
09:39:50,84,2437,70.94,36,85
09:40:00,84,2437,71.14,36,85
09:40:10,84,2437,70.81,36,85
09:40:20,84,2437,70.76,36,85
09:40:30,84,2437,70.75,36,85
09:40:40,85,2437,70.74,36,85
09:40:50,84,2437,70.22,36,85
09:41:01,84,2437,70.09,36,85
09:41:11,84,2437,70.46,36,85
09:41:21,84,2437,70.27,36,85
09:41:31,84,2437,70.58,36,85
09:41:41,84,2437,70.46,36,85
09:41:51,84,2437,69.96,36,85
09:42:01,84,2437,69.92,36,85
09:42:11,84,2437,70.04,36,85
09:42:21,83,2437,69.68,36,85
09:42:31,83,2437,69.78,36,85
09:42:41,84,2437,69.38,36,85
09:42:51,84,2437,69.57,36,85
09:43:01,84,2437,69.91,36,85
09:43:11,83,2437,69.50,36,85
09:43:21,84,2437,69.58,36,85
09:43:31,83,2437,69.11,36,85
09:43:42,83,2431,68.95,36,85
09:43:52,83,2431,69.08,36,85
09:44:02,84,2437,68.71,36,85
09:44:12,83,2437,68.77,36,85
09:44:22,83,2437,68.42,36,85
09:44:32,84,2437,68.71,36,85
09:44:42,83,2437,68.93,36,85
09:44:52,83,2437,68.66,36,85
09:45:02,83,2437,68.14,36,85
09:45:12,83,2437,68.04,36,85
09:45:22,84,2437,67.93,36,85
09:45:32,83,2437,67.10,36,85
09:45:42,83,2431,66.71,36,85
09:45:52,83,2437,67.12,36,85
09:46:02,83,2437,66.86,36,85
09:46:12,83,2437,66.65,36,85
09:46:23,82,2437,66.06,37,84
09:46:33,82,2437,66.14,37,84
09:46:43,82,2437,66.16,37,84
09:46:53,82,2437,66.03,37,84
09:47:03,82,2437,66.42,37,84
09:47:13,82,2437,66.18,37,84
09:47:23,82,2437,66.60,37,84
09:47:33,80,2437,56.50,38,83
09:47:43,82,2437,66.28,37,83
09:47:53,82,2437,66.13,37,83
09:48:03,82,2437,66.39,38,83
09:48:13,79,2457,62.49,39,81
09:48:23,80,2450,65.62,39,81
09:48:33,80,2437,65.99,39,81
09:48:43,80,2444,44.92,40,81
09:48:53,81,2437,66.78,40,81
09:49:04,82,2437,67.01,40,80
09:49:14,82,2437,66.87,41,80
09:49:24,82,2437,67.57,41,80
09:49:34,82,2437,67.79,41,79
09:49:44,82,2437,67.73,41,79
09:49:54,82,2437,67.72,41,79
09:50:04,82,2437,67.54,42,79
09:50:14,82,2437,67.57,42,78
09:50:24,82,2437,67.48,43,78
09:50:34,81,2437,67.53,43,77
09:50:44,82,2431,67.56,44,77
09:50:54,81,2437,61.33,44,77
09:51:04,81,2437,44.02,45,76
09:51:14,81,2437,67.62,45,75
09:51:24,80,2450,66.80,47,74
09:51:35,81,2437,64.94,48,73
09:51:45,75,2437,57.63,47,73
09:51:55,79,2457,56.29,47,73
09:52:05,79,2457,55.90,47,73
09:52:15,79,2457,56.06,48,73
09:52:25,78,2457,55.78,47,73
09:52:35,83,2346,87.08,48,72
09:52:45,84,2418,86.90,50,71
09:52:55,85,2405,86.69,52,69
09:53:05,85,2405,88.38,56,65
09:53:15,82,2431,44.43,57,64
09:53:25,82,2392,86.46,58,62
09:53:35,79,2418,60.97,58,62
09:53:45,71,2392,17.18,56,64
09:53:55,77,2463,51.09,56,65
09:54:05,76,2457,50.85,56,65
09:54:15,76,2463,50.90,56,65
09:54:25,76,2457,50.88,56,65
09:54:35,76,2463,50.74,56,65
09:54:46,82,2411,86.85,56,65
09:54:56,76,2457,50.72,56,65
09:55:06,76,2457,50.91,56,65
09:55:16,75,2457,50.54,56,65
09:55:26,75,2457,50.55,56,65
09:55:36,75,2457,50.29,56,65
09:55:46,83,2405,88.57,56,65
09:55:56,84,2398,90.68,57,64
09:56:06,81,2437,71.25,57,64
09:56:16,80,2437,70.83,57,63
09:56:26,80,2450,70.85,57,64
09:56:36,80,2450,70.45,57,63
09:56:46,79,2450,69.78,57,64
09:56:56,79,2450,69.63,57,64
09:57:06,79,2450,69.90,57,64
09:57:16,82,2385,86.31,57,64
09:57:26,82,2424,88.04,57,64
09:57:36,80,2444,70.72,57,64
09:57:47,81,2437,70.62,57,64
09:57:57,81,2437,70.85,57,64
09:58:07,81,2437,70.97,57,64
09:58:17,82,2437,70.62,57,64
09:58:27,78,2457,55.23,57,64
09:58:37,84,2424,88.81,55,66
09:58:47,84,2424,87.44,56,65
09:58:57,85,2405,90.03,56,64
09:59:07,84,2405,91.28,57,64
09:59:17,84,2405,86.38,58,63
09:59:27,83,2418,81.42,58,62
09:59:37,83,2411,83.20,58,62
09:59:47,83,2411,81.31,58,62
09:59:57,83,2418,82.86,58,63
10:00:07,83,2418,81.53,58,62
10:00:17,83,2418,82.75,58,62
10:00:27,84,2379,89.18,59,62
10:00:37,83,2424,86.48,59,62
10:00:47,82,2418,82.39,59,62
10:00:58,84,2366,84.82,59,62
10:01:08,84,2392,86.32,59,61
10:01:18,81,2431,59.84,59,62
10:01:28,82,2418,67.01,60,61
10:01:38,82,2450,73.96,60,61
10:01:48,82,2418,80.41,59,61
10:01:58,81,2418,81.37,60,61
10:02:08,82,2418,81.77,60,61
10:02:18,82,2418,81.10,60,61
10:02:28,83,2418,82.57,60,61
10:02:38,82,2418,81.86,60,61
10:02:48,81,2431,75.02,60,61
10:02:58,80,2450,69.86,60,61
10:03:08,79,2450,65.88,60,61
10:03:18,67,2392,15.77,57,64
10:03:28,80,2424,90.39,56,65
10:03:38,81,2372,72.42,56,65
10:03:48,79,2431,72.22,57,64
10:03:58,82,2346,84.10,59,62
10:04:08,83,2418,70.26,58,62
10:04:19,82,2411,87.13,58,62
10:04:29,83,2411,85.75,58,62
10:04:39,78,2424,63.26,58,62
10:04:49,84,2411,87.95,58,62
10:04:59,80,2418,88.18,56,64
10:05:09,76,2457,52.75,56,65
10:05:19,75,2463,52.78,56,65
10:05:29,76,2457,52.73,56,65
10:05:39,76,2457,52.94,56,65
10:05:49,77,2463,53.26,56,65
10:05:59,77,2457,53.28,56,65
10:06:09,78,2457,53.34,56,65
10:06:19,79,2457,53.46,56,65
10:06:29,78,2457,53.59,56,65
10:06:39,84,2418,79.56,56,65
10:06:49,78,2457,52.93,56,65
10:06:59,78,2463,52.84,56,65
10:07:09,77,2457,52.81,56,65
10:07:20,77,2457,53.04,56,65
10:07:30,77,2463,52.93,56,65
10:07:40,77,2463,52.84,56,65
10:07:50,76,2457,52.85,56,65
10:08:00,76,2457,52.57,56,65
10:08:10,71,2457,46.97,56,65
10:08:20,84,2379,90.51,55,66
10:08:30,85,2392,92.07,55,66
10:08:40,85,2359,88.10,55,66
10:08:50,85,2366,86.16,55,65
10:09:00,84,2437,75.94,56,65
10:09:10,79,2450,65.67,56,65
10:09:20,78,2450,64.59,56,65
10:09:30,79,2450,64.61,56,65
10:09:40,77,2450,64.65,56,65
10:09:50,78,2450,64.19,56,65
10:10:00,77,2450,64.16,56,65
10:10:10,77,2450,64.02,56,65
10:10:21,77,2450,63.79,56,65
10:10:31,78,2450,64.38,56,65
10:10:41,78,2450,64.25,56,65
10:10:51,79,2450,65.31,56,65
10:11:01,81,2450,65.31,56,65
10:11:11,86,2437,78.63,56,65
10:11:21,86,2346,89.73,55,65
10:11:31,81,2437,65.47,56,65
10:11:41,80,2450,64.70,56,65
10:11:51,78,2450,65.32,56,65
10:12:01,79,2450,64.25,56,65
10:12:11,78,2450,64.68,56,65
10:12:21,78,2450,64.69,56,65
10:12:31,77,2450,64.62,56,65
10:12:41,76,2450,64.41,56,65
10:12:51,76,2450,64.34,56,65
10:13:02,77,2450,63.52,56,65
10:13:12,77,2450,64.15,56,65
10:13:22,77,2450,64.03,56,65
10:13:32,78,2450,57.57,56,65
10:13:42,78,2457,57.72,56,65
10:13:52,79,2457,56.64,56,65
10:14:02,70,2398,18.11,55,65
10:14:12,84,2385,86.38,53,67
10:14:22,78,2431,57.33,53,68
10:14:32,81,2333,75.94,53,67
10:14:42,86,2346,80.43,53,68
10:14:52,86,2385,90.28,53,67
10:15:02,82,2411,70.19,53,67
10:15:12,78,2444,63.59,53,67
10:15:22,79,2431,63.56,54,67
10:15:32,85,2372,87.93,54,67
10:15:42,85,2346,87.49,54,67
10:15:52,80,2424,72.84,54,67
10:16:03,79,2431,72.41,54,67
10:16:13,78,2431,71.97,54,67
10:16:23,80,2424,72.44,54,67
10:16:33,80,2431,72.30,54,67
10:16:43,79,2431,72.30,54,67
10:16:53,80,2437,71.83,54,67
10:17:03,78,2437,72.23,54,67
10:17:13,79,2431,71.54,54,67
10:17:23,79,2437,71.49,54,67
10:17:33,80,2437,71.34,54,67
10:17:43,77,2437,71.00,54,67
10:17:53,78,2437,71.29,54,67
10:18:03,79,2437,71.55,54,67
10:18:13,78,2437,71.50,54,67
10:18:23,78,2437,71.24,54,67
10:18:33,79,2392,80.89,54,67
10:18:44,79,2437,70.83,54,67
10:18:54,78,2437,71.31,54,67
10:19:04,79,2437,71.52,54,67
10:19:14,77,2431,64.31,54,67
10:19:24,79,2437,71.21,54,67
10:19:34,77,2437,71.21,54,67
10:19:44,78,2437,71.06,54,67
10:19:54,78,2359,71.83,54,67
10:20:04,77,2437,71.11,54,67
10:20:14,77,2405,76.58,54,67
10:20:24,78,2437,66.14,54,67
10:20:34,78,2437,71.82,54,67
10:20:44,80,2437,71.68,54,67
10:20:54,77,2437,71.43,54,67
10:21:04,77,2437,71.46,54,67
10:21:14,79,2437,71.14,54,67
10:21:24,79,2437,71.15,54,67
10:21:35,79,2437,70.82,54,67
10:21:45,78,2437,71.13,54,67
10:21:55,78,2437,70.93,54,67
10:22:05,77,2437,71.09,54,67
10:22:15,77,2437,71.39,54,67
10:22:25,77,2444,65.46,54,67
10:22:35,77,2444,65.03,54,67
10:22:45,76,2444,65.26,54,67
10:22:55,76,2450,61.42,54,67
10:23:05,76,2450,57.90,54,66
10:23:15,77,2450,58.06,54,66
10:23:25,79,2450,67.90,54,67
10:23:35,69,2398,16.15,56,64
10:23:45,83,2405,88.94,56,65
10:23:55,84,2405,89.25,57,64
10:24:05,84,2398,87.98,57,64
10:24:15,83,2424,65.55,56,64
10:24:25,75,2385,36.25,56,65
10:24:36,84,2379,86.61,57,64
10:24:46,84,2411,90.14,56,65
10:24:56,76,2457,50.47,56,65
10:25:06,74,2457,50.31,56,65
10:25:16,74,2457,50.40,55,65
10:25:26,80,2418,86.48,55,65
10:25:36,75,2457,50.65,55,65
10:25:46,75,2457,50.24,55,65
10:25:56,74,2457,50.16,55,65
10:26:06,74,2457,50.24,55,65
10:26:16,82,2405,78.58,56,65
10:26:26,83,2398,89.41,56,65
10:26:36,81,2437,71.10,57,64
10:26:46,82,2437,71.32,56,64
10:26:56,82,2437,71.41,57,64
10:27:06,82,2431,71.07,56,64
10:27:16,85,2379,88.89,56,64
10:27:26,84,2398,88.78,57,64
10:27:37,84,2411,90.54,57,64
10:27:47,81,2444,70.23,57,64
10:27:57,80,2450,70.85,57,64
10:28:07,80,2450,69.78,57,64
10:28:17,78,2457,62.04,57,64
10:28:27,78,2457,61.94,57,64
10:28:37,79,2444,51.94,55,65
10:28:47,82,2379,86.85,56,65
10:28:57,83,2392,77.32,57,64
10:29:07,85,2385,90.30,57,64
10:29:17,86,2359,87.93,58,63
10:29:27,84,2411,82.17,58,62
10:29:37,84,2418,83.43,58,62
10:29:47,84,2418,82.28,58,62
10:29:57,82,2411,83.19,58,62
10:30:07,86,2392,87.68,58,63
10:30:17,84,2392,91.40,58,62
10:30:27,83,2411,82.09,59,62
10:30:37,81,2431,71.36,58,62
10:30:48,84,2418,63.84,59,61
10:30:58,82,2411,90.61,59,62
10:31:08,83,2418,82.12,59,62
10:31:18,85,2392,82.60,59,62
10:31:28,82,2418,80.97,60,61
10:31:38,82,2424,79.87,61,60
10:31:48,81,2424,79.49,61,60
10:31:58,81,2431,75.58,61,60
10:32:08,80,2450,67.06,60,60
10:32:18,77,2457,55.27,61,60
10:32:28,80,2424,90.52,57,64
10:32:38,80,2398,87.07,57,64
10:32:48,83,2372,88.90,56,64
10:32:58,84,2392,89.63,56,64
10:33:08,80,2353,84.32,56,64
10:33:18,83,2392,72.08,58,62
10:33:28,72,2411,47.48,57,64
10:33:38,82,2385,85.60,58,62
10:33:49,82,2359,83.46,57,64
10:33:59,81,2411,67.78,59,62
10:34:09,82,2333,83.43,59,62
10:34:19,81,2392,85.78,56,65
10:34:29,83,2392,87.32,56,65
10:34:39,84,2392,88.74,56,65
10:34:49,84,2398,86.89,56,65
10:34:59,84,2392,84.01,56,65
10:35:09,78,2457,55.47,56,65
10:35:19,77,2457,54.93,56,65
10:35:29,79,2418,87.52,56,65
10:35:39,83,2385,87.56,56,65
10:35:49,84,2411,90.99,56,65
10:35:59,84,2385,86.63,56,65
10:36:09,82,2320,85.34,55,65
10:36:19,77,2457,55.02,56,65
10:36:29,76,2457,54.40,56,65
10:36:39,80,2444,86.15,56,65
10:36:49,84,2424,91.50,56,65
10:36:59,85,2405,92.46,56,65
10:37:09,84,2372,86.55,56,65
10:37:19,86,2333,82.88,56,65
10:37:30,84,2411,84.72,56,65
10:37:40,84,2385,85.03,56,65
10:37:50,85,2353,88.39,56,65
10:38:00,86,2340,90.75,56,65
10:38:10,85,2353,87.67,56,65
10:38:20,81,2457,66.12,56,65
10:38:30,80,2457,65.74,56,64
10:38:40,79,2457,65.78,56,65
10:38:50,82,2379,91.78,56,65
10:39:00,84,2346,89.37,56,65
10:39:10,84,2385,86.47,56,65
10:39:20,84,2340,86.12,56,65
10:39:30,85,2340,88.98,56,65
10:39:40,85,2320,88.45,56,65
10:39:50,82,2437,77.33,55,65
10:40:00,84,2333,92.15,55,65
10:40:10,85,2379,90.04,55,65
10:40:20,81,2340,86.32,55,65
10:40:30,85,2288,86.22,55,66
10:40:40,85,2340,89.01,55,66
10:40:50,81,2437,66.09,55,65
10:41:00,79,2457,66.11,55,65
10:41:11,78,2457,58.42,55,65
10:41:21,65,240,7.92,4,117
10:41:31,76,2444,84.76,43,77
10:41:41,68,2405,33.85,47,74
10:41:51,74,2444,51.16,49,72
10:42:01,69,2398,16.61,52,69
10:42:11,82,2424,76.65,55,65
10:42:21,75,2444,51.61,57,64
10:42:31,81,2424,89.73,60,61
10:42:41,75,2457,50.64,60,61
10:42:51,75,2457,50.29,60,61
10:43:01,75,2457,47.79,60,61
10:43:11,75,2457,50.50,60,61
10:43:21,77,2457,53.00,61,60
10:43:31,76,2457,50.77,61,60
10:43:41,76,2457,50.65,61,60
10:43:51,75,2457,50.58,61,60
10:44:01,75,2457,50.39,61,60
10:44:12,84,2424,89.61,61,60
10:44:22,84,2418,90.68,62,59
10:44:32,82,2431,69.73,62,58
10:44:42,81,2437,70.85,62,58
10:44:52,81,2431,70.79,62,58
10:45:02,80,2450,69.54,63,58
10:45:12,80,2450,70.34,63,58
10:45:22,80,2450,70.24,63,58
10:45:32,80,2450,70.21,64,57
10:45:42,80,2450,70.35,65,56
10:45:52,80,2450,70.75,65,56
10:46:02,80,2450,70.65,65,56
10:46:12,80,2450,70.27,65,56
10:46:22,79,2450,70.22,65,55
10:46:32,80,2450,70.18,65,56
10:46:42,80,2392,78.07,66,54
10:46:52,82,2411,90.55,67,54
10:47:03,82,2437,80.41,68,53
10:47:13,85,2372,86.64,69,52
10:47:23,85,2353,88.81,69,52
10:47:33,84,2418,79.65,70,51
10:47:43,83,2411,82.43,70,51
10:47:53,84,2411,81.83,70,51
10:48:03,84,2418,82.15,70,51
10:48:13,84,2418,82.11,70,51
10:48:23,81,2418,81.71,70,51
10:48:33,83,2411,81.20,70,51
10:48:43,83,2346,87.42,70,51
10:48:53,84,2372,89.77,70,51
10:49:03,82,2405,83.67,70,51
10:49:13,82,2372,79.94,70,50
10:49:23,80,2359,66.52,70,50
10:49:33,81,2424,82.02,70,50
10:49:43,82,2418,78.11,70,51
10:49:53,83,2424,83.75,70,51
10:50:03,83,2418,81.28,70,51
10:50:13,82,2418,81.66,70,51
10:50:24,83,2418,81.85,70,51
10:50:34,82,2418,81.42,70,51
10:50:44,82,2398,81.59,70,51
10:50:54,81,2431,74.88,70,51
10:51:04,80,2450,66.38,70,51
10:51:14,78,2457,62.22,70,51
10:51:24,68,2392,16.93,67,54
10:51:34,82,2424,82.22,67,54
10:51:44,83,2359,86.69,68,53
10:51:54,84,2366,84.22,68,52
10:52:04,86,2398,91.91,69,52
10:52:14,85,2372,88.02,70,51
10:52:24,85,2353,79.65,70,51
10:52:34,84,2418,86.42,71,50
10:52:44,84,2411,83.28,71,49
10:52:54,84,2314,87.57,72,49
10:53:04,84,2405,76.48,72,48
10:53:14,84,2372,88.13,73,48
10:53:24,76,2450,50.66,73,47
10:53:34,75,2450,50.12,73,48
10:53:45,74,2444,49.78,73,47
10:53:55,73,2450,49.43,73,47
10:54:05,73,2444,49.63,73,48
10:54:15,73,2450,49.67,73,47
10:54:25,74,2450,50.12,73,48
10:54:35,75,2450,49.51,73,48
10:54:45,76,2450,50.22,73,47
10:54:55,84,2333,81.47,73,47
10:55:05,77,2450,50.41,74,47
10:55:15,78,2424,53.24,74,47
10:55:25,84,2340,89.34,74,47
10:55:35,83,2424,83.75,74,47
10:55:45,83,2288,88.38,74,47
10:55:55,83,2424,79.46,74,46
10:56:05,82,2301,87.78,74,47
10:56:15,76,2444,50.23,74,47
10:56:25,82,2340,79.11,74,46
10:56:36,82,2405,72.69,74,47
10:56:46,76,2450,50.25,74,46
10:56:56,83,2379,90.84,74,46
10:57:06,78,2431,71.23,75,46
10:57:16,80,2424,68.50,75,46
10:57:26,84,2366,87.56,75,46
10:57:36,85,2392,73.69,75,46
10:57:46,85,2379,75.35,75,46
10:57:56,80,2431,69.23,75,46
10:58:06,76,2450,49.73,75,45
10:58:16,75,2450,49.42,75,45
10:58:26,74,2450,49.13,75,45
10:58:36,74,2444,48.97,75,45
10:58:46,74,2450,49.27,75,45
10:58:56,75,2450,49.35,75,45
10:59:06,76,2450,49.51,75,45
10:59:16,76,2450,49.95,75,45
10:59:27,77,2450,49.54,75,45
10:59:37,81,2424,74.54,75,45
10:59:47,82,2431,69.16,75,45
10:59:57,73,2411,17.62,75,46
11:00:07,80,2424,87.21,67,54
11:00:17,84,2405,87.01,67,54
11:00:27,82,2431,63.89,68,53
11:00:37,85,2411,86.48,69,51
11:00:47,85,2398,75.85,71,50
11:00:57,84,2398,80.52,72,49
11:01:07,77,2450,50.86,73,47
11:01:17,82,2418,77.34,73,48
11:01:27,71,2398,30.61,73,48
11:01:37,76,2450,51.32,73,47
11:01:47,69,2392,15.85,72,49
11:01:57,76,2457,53.12,68,53
11:02:07,77,2457,54.93,68,53
11:02:17,78,2457,55.05,67,53
11:02:27,79,2457,55.26,67,53
11:02:37,78,2457,55.26,67,53
11:02:48,78,2457,55.17,67,53
11:02:58,78,2457,55.17,67,53
11:03:08,78,2457,54.81,67,53
11:03:18,78,2457,54.87,67,53
11:03:28,77,2457,54.73,67,53
11:03:38,78,2457,54.92,67,53
11:03:48,78,2457,54.68,67,53
11:03:58,77,2457,54.96,67,53
11:04:08,77,2457,54.82,67,53
11:04:18,77,2457,54.86,67,53
11:04:28,77,2457,54.61,67,53
11:04:38,77,2457,54.60,67,53
11:04:48,77,2457,54.71,67,53
11:04:58,77,2457,54.61,67,53
11:05:08,82,2418,87.32,66,54
11:05:18,86,2366,82.06,66,54
11:05:28,86,2398,85.22,67,54
11:05:39,86,2424,82.85,67,54
11:05:49,86,2379,86.65,67,54
11:05:59,81,2437,65.33,67,53
11:06:09,80,2450,64.37,67,53
11:06:19,78,2450,63.15,67,54
11:06:29,78,2450,65.08,67,54
11:06:39,78,2450,64.56,67,54
11:06:49,78,2450,64.26,67,53
11:06:59,78,2450,63.79,67,53
11:07:09,77,2450,63.65,67,54
11:07:19,77,2450,63.27,67,53
11:07:29,77,2450,63.44,67,53
11:07:39,78,2450,64.00,67,53
11:07:49,77,2450,64.12,67,54
11:07:59,85,2411,80.03,67,54
11:08:09,79,2437,71.54,67,54
11:08:20,81,2437,65.35,67,54
11:08:30,81,2431,65.40,67,53
11:08:40,81,2450,65.03,67,54
11:08:50,81,2431,65.41,67,53
11:09:00,81,2431,65.50,67,53
11:09:10,81,2437,65.65,67,54
11:09:20,81,2431,65.36,67,54
11:09:30,81,2431,65.30,67,54
11:09:40,82,2437,65.01,67,53
11:09:50,82,2431,65.42,67,53
11:10:00,82,2437,65.41,67,54
11:10:10,81,2431,65.52,67,54
11:10:20,80,2457,58.33,67,53
11:10:30,80,2457,58.12,67,53
11:10:40,80,2457,63.61,67,54
11:10:50,81,2457,64.24,67,53
11:11:01,81,2457,63.90,67,53
11:11:11,73,2411,32.66,68,53
11:11:21,74,2431,57.06,65,56
11:11:31,82,2366,86.29,64,57
11:11:41,84,2372,89.09,64,56
11:11:51,83,2346,81.74,64,56
11:12:01,86,2366,87.85,64,56
11:12:11,86,2333,88.38,64,56
11:12:21,85,2320,89.98,65,56
11:12:31,82,2340,85.32,65,56
11:12:41,85,2359,91.38,65,56
11:12:51,86,2301,90.74,65,56
11:13:01,81,2418,72.81,65,55
11:13:11,82,2418,72.66,65,55
11:13:21,82,2424,72.29,65,55
11:13:31,80,2424,72.37,65,55
11:13:41,80,2424,72.30,65,55
11:13:51,81,2424,71.88,65,56
11:14:01,80,2424,71.80,65,55
11:14:12,80,2431,71.64,65,56
11:14:22,80,2424,71.91,65,55
11:14:32,79,2424,71.82,65,56
11:14:42,80,2437,69.91,65,55
11:14:52,80,2431,71.59,65,55
11:15:02,79,2431,71.34,65,55
11:15:12,79,2431,70.99,65,56
11:15:22,79,2431,71.05,65,55
11:15:32,80,2437,71.34,65,55
11:15:42,79,2437,69.75,65,55
11:15:52,81,2431,69.70,65,55
11:16:02,83,2418,82.08,65,56
11:16:12,82,2353,87.76,65,56
11:16:22,83,2392,90.12,65,56
11:16:32,79,2437,69.54,65,55
11:16:42,79,2431,69.19,65,55
11:16:52,80,2437,69.33,65,55
11:17:03,76,2431,66.60,65,56
11:17:13,79,2431,70.13,65,55
11:17:23,79,2431,70.43,65,55
11:17:33,80,2437,70.50,65,56
11:17:43,79,2437,70.16,65,55
11:17:53,78,2437,70.23,65,55
11:18:03,77,2437,70.58,65,55
11:18:13,78,2437,70.68,65,55
11:18:23,78,2431,70.69,65,55
11:18:33,78,2437,70.72,65,55
11:18:43,78,2437,70.83,65,55
11:18:53,80,2437,71.16,65,55
11:19:03,79,2437,71.08,65,55
11:19:13,78,2437,68.14,65,55
11:19:23,78,2444,67.99,65,55
11:19:33,78,2437,68.07,65,55
11:19:44,78,2444,68.70,65,55
11:19:54,78,2457,67.97,65,55
11:20:04,78,2457,68.07,65,55
11:20:14,69,2398,16.36,68,53
11:20:24,75,2457,50.36,67,53
11:20:34,82,2424,63.03,69,51
11:20:44,75,2450,51.15,69,51
11:20:54,71,2392,36.14,68,52
11:21:04,75,2450,51.58,69,52
11:21:14,80,2392,84.69,67,54
11:21:24,75,2457,50.19,67,54
11:21:34,75,2457,50.44,67,54
11:21:44,75,2463,50.51,67,54
11:21:54,81,2424,86.15,67,54
11:22:04,76,2457,50.65,67,54
11:22:14,75,2457,50.44,67,54
11:22:24,75,2457,50.36,67,54
11:22:34,81,2418,84.39,67,54
11:22:44,83,2418,91.70,67,53
11:22:54,83,2418,86.04,68,53
11:23:05,81,2431,71.08,68,52
11:23:15,81,2450,70.73,68,52
11:23:25,79,2450,70.50,68,52
11:23:35,78,2450,69.92,68,52
11:23:45,81,2424,77.88,68,52
11:23:55,79,2450,64.89,68,53
11:24:05,80,2450,70.04,69,52
11:24:15,82,2392,87.48,68,53
11:24:25,79,2450,69.27,68,53
11:24:35,79,2457,68.94,68,53
11:24:45,79,2457,68.06,68,53
11:24:55,76,2457,39.43,68,53
11:25:05,81,2405,86.06,67,53
11:25:15,81,2424,86.48,68,53
11:25:25,84,2405,77.68,69,52
11:25:35,84,2405,81.27,70,51
11:25:45,85,2418,83.34,70,51
11:25:55,83,2418,82.46,70,51
11:26:05,82,2418,82.18,70,50
11:26:16,84,2411,82.50,70,51
11:26:26,84,2385,89.21,70,51
11:26:36,84,2385,90.55,70,51
11:26:46,81,2411,62.51,70,51
11:26:56,83,2411,82.53,70,50
11:27:06,84,2379,85.39,70,51
11:27:16,83,2385,87.81,69,51
11:27:26,78,2424,62.44,70,51
11:27:36,82,2418,81.77,70,51
11:27:46,77,2431,63.00,70,51
11:27:56,82,2411,75.86,69,51
11:28:06,82,2411,81.67,70,51
11:28:16,82,2418,82.32,70,51
11:28:26,82,2431,75.08,70,51
11:28:36,80,2437,69.87,70,51
11:28:46,79,2450,66.10,70,51
11:28:56,76,2457,54.66,70,51
11:29:06,79,2392,52.44,67,53
11:29:16,82,2405,89.69,68,53
11:29:27,78,2405,77.36,68,52
11:29:37,84,2372,81.75,69,52
11:29:47,83,2437,75.96,70,51
11:29:57,84,2424,73.87,70,51
11:30:07,84,2333,87.31,71,50
11:30:17,85,2372,92.02,72,49
11:30:27,79,2424,64.79,72,49
11:30:37,81,2424,66.86,73,48
11:30:47,83,2327,89.30,73,48
11:30:57,85,2333,91.59,73,47
11:31:07,76,2450,50.15,74,47
11:31:17,74,2444,49.87,74,47
11:31:27,74,2444,49.91,74,47
11:31:37,74,2444,49.68,74,47
11:31:47,75,2450,50.00,74,47
11:31:57,82,2353,87.79,74,47
11:32:07,78,2450,49.58,74,47
11:32:17,84,2385,78.35,74,47
11:32:27,77,2450,50.66,74,47
11:32:37,83,2424,80.56,74,46
11:32:47,78,2424,74.26,74,46
11:32:58,84,2398,74.66,74,46
11:33:08,78,2444,50.81,75,46
11:33:18,78,2366,82.03,75,46
11:33:28,80,2450,65.24,76,45
11:33:38,84,2346,91.06,76,45
11:33:48,83,2340,89.61,76,45
11:33:58,83,2333,89.12,75,45
11:34:08,76,2450,50.37,75,45
11:34:18,74,2424,58.72,75,46
11:34:28,82,2307,86.45,75,46
11:34:38,76,2424,73.58,75,46
11:34:48,82,2333,86.21,75,46
11:34:58,78,2392,73.52,75,46
11:35:08,76,2444,50.11,75,45
11:35:18,79,2424,69.74,75,46
11:35:28,76,2450,50.68,75,45
11:35:38,76,2444,50.30,75,45
11:35:48,75,2450,49.51,75,45
11:35:59,75,2450,49.69,75,45
11:36:09,75,2450,49.23,75,45
11:36:19,74,2450,48.91,75,45
11:36:29,77,2450,59.83,75,45
11:36:39,77,2457,58.55,75,45
11:36:49,68,2392,15.67,3,117
11:36:59,62,208,5.96,4,117
11:37:09,59,208,5.79,4,117
11:37:19,57,240,5.82,4,117
11:37:29,57,208,5.71,4,117
11:37:39,56,208,5.58,4,117
11:37:49,55,253,5.58,4,117
11:37:59,55,208,5.56,4,117
11:38:09,54,240,5.45,4,117
11:38:19,54,240,5.48,4,117
11:38:29,53,208,5.48,4,117
11:38:39,53,240,5.38,4,117
11:38:49,53,292,5.51,4,117
